evidence_id,case_id,evidence_type,reference_id,added_at,added_by
EVD-000001,CASE-00001,comment,COM-000025,2025-12-20 00:00:00,MOD-001
EVD-000002,CASE-00001,comment,COM-000037,2025-12-20 00:00:00,MOD-001
EVD-000003,CASE-00001,comment,COM-000035,2025-12-20 00:00:00,MOD-001
EVD-000004,CASE-00001,report,REP-000002,2025-12-20 00:00:00,MOD-001
EVD-000005,CASE-00001,report,REP-000006,2025-12-20 00:00:00,MOD-001
EVD-000006,CASE-00001,campaign,CAMP-001,2025-12-20 00:00:00,MOD-001
EVD-000007,CASE-00002,comment,COM-000073,2026-05-18 09:41:41,MOD-004
EVD-000008,CASE-00002,comment,COM-000074,2026-05-18 09:41:41,MOD-004
EVD-000009,CASE-00002,comment,COM-000066,2026-05-18 09:41:41,MOD-004
EVD-000010,CASE-00002,report,REP-000016,2026-05-18 09:41:41,MOD-004
EVD-000011,CASE-00002,report,REP-000019,2026-05-18 09:41:41,MOD-004
EVD-000012,CASE-00002,campaign,CAMP-009,2026-05-18 09:41:41,MOD-004
EVD-000013,CASE-00003,comment,COM-000148,2026-04-27 00:00:00,MOD-002
EVD-000014,CASE-00003,comment,COM-000137,2026-04-27 00:00:00,MOD-002
EVD-000015,CASE-00003,comment,COM-000135,2026-04-27 00:00:00,MOD-002
EVD-000016,CASE-00003,report,REP-000028,2026-04-27 00:00:00,MOD-002
EVD-000017,CASE-00003,report,REP-000025,2026-04-27 00:00:00,MOD-002
EVD-000018,CASE-00003,campaign,CAMP-007,2026-04-27 00:00:00,MOD-002
EVD-000019,CASE-00004,comment,COM-000188,2026-01-01 08:57:36,MOD-001
EVD-000020,CASE-00004,comment,COM-000192,2026-01-01 08:57:36,MOD-001
EVD-000021,CASE-00004,comment,COM-000193,2026-01-01 08:57:36,MOD-001
EVD-000022,CASE-00004,report,REP-000072,2026-01-01 08:57:36,MOD-001
EVD-000023,CASE-00004,report,REP-000070,2026-01-01 08:57:36,MOD-001
EVD-000024,CASE-00004,campaign,CAMP-008,2026-01-01 08:57:36,MOD-001
EVD-000025,CASE-00005,comment,COM-000251,2026-05-24 04:19:35,MOD-004
EVD-000026,CASE-00005,comment,COM-000258,2026-05-24 04:19:35,MOD-004
EVD-000027,CASE-00005,comment,COM-000254,2026-05-24 04:19:35,MOD-004
EVD-000028,CASE-00005,report,REP-000125,2026-05-24 04:19:35,MOD-004
EVD-000029,CASE-00005,campaign,CAMP-015,2026-05-24 04:19:35,MOD-004
EVD-000030,CASE-00006,comment,COM-000279,2026-01-23 00:00:00,MOD-004
EVD-000031,CASE-00006,comment,COM-000281,2026-01-23 00:00:00,MOD-004
EVD-000032,CASE-00006,comment,COM-000283,2026-01-23 00:00:00,MOD-004
EVD-000033,CASE-00006,report,REP-000127,2026-01-23 00:00:00,MOD-004
EVD-000034,CASE-00006,report,REP-000130,2026-01-23 00:00:00,MOD-004
EVD-000035,CASE-00006,campaign,CAMP-006,2026-01-23 00:00:00,MOD-004
EVD-000036,CASE-00007,comment,COM-000308,2025-12-18 16:54:51,MOD-008
EVD-000037,CASE-00007,comment,COM-000324,2025-12-18 16:54:51,MOD-008
EVD-000038,CASE-00007,comment,COM-000317,2025-12-18 16:54:51,MOD-008
EVD-000039,CASE-00007,report,REP-000157,2025-12-18 16:54:51,MOD-008
EVD-000040,CASE-00007,report,REP-000158,2025-12-18 16:54:51,MOD-008
EVD-000041,CASE-00007,campaign,CAMP-007,2025-12-18 16:54:51,MOD-008
EVD-000042,CASE-00008,comment,COM-000364,2026-03-27 11:00:44,MOD-001
EVD-000043,CASE-00008,comment,COM-000333,2026-03-27 11:00:44,MOD-001
EVD-000044,CASE-00008,comment,COM-000336,2026-03-27 11:00:44,MOD-001
EVD-000045,CASE-00008,report,REP-000191,2026-03-27 11:00:44,MOD-001
EVD-000046,CASE-00008,report,REP-000190,2026-03-27 11:00:44,MOD-001
EVD-000047,CASE-00008,campaign,CAMP-004,2026-03-27 11:00:44,MOD-001
EVD-000048,CASE-00009,comment,COM-000384,2026-04-25 15:03:34,MOD-005
EVD-000049,CASE-00009,comment,COM-000383,2026-04-25 15:03:34,MOD-005
EVD-000050,CASE-00009,comment,COM-000380,2026-04-25 15:03:34,MOD-005
EVD-000051,CASE-00009,report,REP-000214,2026-04-25 15:03:34,MOD-005
EVD-000052,CASE-00009,campaign,CAMP-015,2026-04-25 15:03:34,MOD-005
EVD-000053,CASE-00010,comment,COM-000395,2026-05-15 19:20:59,MOD-006
EVD-000054,CASE-00010,comment,COM-000403,2026-05-15 19:20:59,MOD-006
EVD-000055,CASE-00010,comment,COM-000411,2026-05-15 19:20:59,MOD-006
EVD-000056,CASE-00010,report,REP-000216,2026-05-15 19:20:59,MOD-006
EVD-000057,CASE-00010,report,REP-000218,2026-05-15 19:20:59,MOD-006
EVD-000058,CASE-00010,campaign,CAMP-008,2026-05-15 19:20:59,MOD-006
EVD-000059,CASE-00011,comment,COM-000456,2026-05-06 00:00:00,MOD-007
EVD-000060,CASE-00011,comment,COM-000461,2026-05-06 00:00:00,MOD-007
EVD-000061,CASE-00011,comment,COM-000462,2026-05-06 00:00:00,MOD-007
EVD-000062,CASE-00011,report,REP-000258,2026-05-06 00:00:00,MOD-007
EVD-000063,CASE-00011,report,REP-000253,2026-05-06 00:00:00,MOD-007
EVD-000064,CASE-00011,campaign,CAMP-010,2026-05-06 00:00:00,MOD-007
EVD-000065,CASE-00012,comment,COM-000571,2026-05-19 12:00:25,MOD-006
EVD-000066,CASE-00012,comment,COM-000576,2026-05-19 12:00:25,MOD-006
EVD-000067,CASE-00012,comment,COM-000577,2026-05-19 12:00:25,MOD-006
EVD-000068,CASE-00012,report,REP-000269,2026-05-19 12:00:25,MOD-006
EVD-000069,CASE-00012,report,REP-000270,2026-05-19 12:00:25,MOD-006
EVD-000070,CASE-00012,campaign,CAMP-012,2026-05-19 12:00:25,MOD-006
EVD-000071,CASE-00013,comment,COM-000628,2026-03-04 10:41:22,MOD-001
EVD-000072,CASE-00013,comment,COM-000617,2026-03-04 10:41:22,MOD-001
EVD-000073,CASE-00013,comment,COM-000656,2026-03-04 10:41:22,MOD-001
EVD-000074,CASE-00013,report,REP-000286,2026-03-04 10:41:22,MOD-001
EVD-000075,CASE-00013,report,REP-000285,2026-03-04 10:41:22,MOD-001
EVD-000076,CASE-00013,campaign,CAMP-002,2026-03-04 10:41:22,MOD-001
EVD-000077,CASE-00014,comment,COM-000669,2026-02-04 00:00:00,MOD-007
EVD-000078,CASE-00014,comment,COM-000666,2026-02-04 00:00:00,MOD-007
EVD-000079,CASE-00014,comment,COM-000671,2026-02-04 00:00:00,MOD-007
EVD-000080,CASE-00014,report,REP-000310,2026-02-04 00:00:00,MOD-007
EVD-000081,CASE-00014,report,REP-000311,2026-02-04 00:00:00,MOD-007
EVD-000082,CASE-00014,campaign,CAMP-016,2026-02-04 00:00:00,MOD-007
EVD-000083,CASE-00015,comment,COM-000702,2026-05-19 11:23:47,MOD-006
EVD-000084,CASE-00015,comment,COM-000704,2026-05-19 11:23:47,MOD-006
EVD-000085,CASE-00015,comment,COM-000708,2026-05-19 11:23:47,MOD-006
EVD-000086,CASE-00015,report,REP-000343,2026-05-19 11:23:47,MOD-006
EVD-000087,CASE-00015,report,REP-000347,2026-05-19 11:23:47,MOD-006
EVD-000088,CASE-00015,campaign,CAMP-006,2026-05-19 11:23:47,MOD-006
EVD-000089,CASE-00016,comment,COM-000758,2026-05-04 01:31:00,MOD-002
EVD-000090,CASE-00016,comment,COM-000778,2026-05-04 01:31:00,MOD-002
EVD-000091,CASE-00016,comment,COM-000783,2026-05-04 01:31:00,MOD-002
EVD-000092,CASE-00016,report,REP-000404,2026-05-04 01:31:00,MOD-002
EVD-000093,CASE-00016,report,REP-000405,2026-05-04 01:31:00,MOD-002
EVD-000094,CASE-00016,campaign,CAMP-002,2026-05-04 01:31:00,MOD-002
EVD-000095,CASE-00017,comment,COM-000818,2026-05-29 10:44:44,MOD-005
EVD-000096,CASE-00017,comment,COM-000827,2026-05-29 10:44:44,MOD-005
EVD-000097,CASE-00017,comment,COM-000816,2026-05-29 10:44:44,MOD-005
EVD-000098,CASE-00017,report,REP-000434,2026-05-29 10:44:44,MOD-005
EVD-000099,CASE-00017,report,REP-000435,2026-05-29 10:44:44,MOD-005
EVD-000100,CASE-00017,campaign,CAMP-015,2026-05-29 10:44:44,MOD-005
EVD-000101,CASE-00018,comment,COM-000843,2026-05-24 18:19:28,MOD-002
EVD-000102,CASE-00018,comment,COM-000833,2026-05-24 18:19:28,MOD-002
EVD-000103,CASE-00018,comment,COM-000832,2026-05-24 18:19:28,MOD-002
EVD-000104,CASE-00018,report,REP-000438,2026-05-24 18:19:28,MOD-002
EVD-000105,CASE-00018,report,REP-000437,2026-05-24 18:19:28,MOD-002
EVD-000106,CASE-00018,campaign,CAMP-010,2026-05-24 18:19:28,MOD-002
EVD-000107,CASE-00019,comment,COM-000884,2026-04-15 19:24:58,MOD-008
EVD-000108,CASE-00019,comment,COM-000881,2026-04-15 19:24:58,MOD-008
EVD-000109,CASE-00019,comment,COM-000860,2026-04-15 19:24:58,MOD-008
EVD-000110,CASE-00019,report,REP-000447,2026-04-15 19:24:58,MOD-008
EVD-000111,CASE-00019,report,REP-000451,2026-04-15 19:24:58,MOD-008
EVD-000112,CASE-00019,campaign,CAMP-013,2026-04-15 19:24:58,MOD-008
EVD-000113,CASE-00020,comment,COM-000918,2026-02-18 16:20:16,MOD-003
EVD-000114,CASE-00020,comment,COM-000908,2026-02-18 16:20:16,MOD-003
EVD-000115,CASE-00020,comment,COM-000916,2026-02-18 16:20:16,MOD-003
EVD-000116,CASE-00020,report,REP-000467,2026-02-18 16:20:16,MOD-003
EVD-000117,CASE-00020,report,REP-000471,2026-02-18 16:20:16,MOD-003
EVD-000118,CASE-00020,campaign,CAMP-010,2026-02-18 16:20:16,MOD-003
EVD-000119,CASE-00021,comment,COM-000936,2026-04-19 23:12:02,MOD-004
EVD-000120,CASE-00021,comment,COM-000933,2026-04-19 23:12:02,MOD-004
EVD-000121,CASE-00021,comment,COM-000948,2026-04-19 23:12:02,MOD-004
EVD-000122,CASE-00021,report,REP-000477,2026-04-19 23:12:02,MOD-004
EVD-000123,CASE-00021,report,REP-000482,2026-04-19 23:12:02,MOD-004
EVD-000124,CASE-00021,campaign,CAMP-016,2026-04-19 23:12:02,MOD-004
EVD-000125,CASE-00022,comment,COM-000997,2026-02-19 18:57:24,MOD-002
EVD-000126,CASE-00022,comment,COM-000999,2026-02-19 18:57:24,MOD-002
EVD-000127,CASE-00022,comment,COM-000992,2026-02-19 18:57:24,MOD-002
EVD-000128,CASE-00022,report,REP-000500,2026-02-19 18:57:24,MOD-002
EVD-000129,CASE-00022,report,REP-000501,2026-02-19 18:57:24,MOD-002
EVD-000130,CASE-00022,campaign,CAMP-002,2026-02-19 18:57:24,MOD-002
EVD-000131,CASE-00023,comment,COM-001016,2026-04-13 02:51:09,MOD-004
EVD-000132,CASE-00023,comment,COM-001024,2026-04-13 02:51:09,MOD-004
EVD-000133,CASE-00023,comment,COM-001039,2026-04-13 02:51:09,MOD-004
EVD-000134,CASE-00023,report,REP-000504,2026-04-13 02:51:09,MOD-004
EVD-000135,CASE-00023,report,REP-000506,2026-04-13 02:51:09,MOD-004
EVD-000136,CASE-00023,campaign,CAMP-016,2026-04-13 02:51:09,MOD-004
EVD-000137,CASE-00024,comment,COM-001081,2026-04-23 17:45:18,MOD-005
EVD-000138,CASE-00024,comment,COM-001084,2026-04-23 17:45:18,MOD-005
EVD-000139,CASE-00024,comment,COM-001086,2026-04-23 17:45:18,MOD-005
EVD-000140,CASE-00024,report,REP-000551,2026-04-23 17:45:18,MOD-005
EVD-000141,CASE-00024,report,REP-000552,2026-04-23 17:45:18,MOD-005
EVD-000142,CASE-00024,campaign,CAMP-015,2026-04-23 17:45:18,MOD-005
EVD-000143,CASE-00025,comment,COM-001107,2026-03-25 22:56:30,MOD-006
EVD-000144,CASE-00025,comment,COM-001099,2026-03-25 22:56:30,MOD-006
EVD-000145,CASE-00025,comment,COM-001089,2026-03-25 22:56:30,MOD-006
EVD-000146,CASE-00025,report,REP-000558,2026-03-25 22:56:30,MOD-006
EVD-000147,CASE-00025,report,REP-000560,2026-03-25 22:56:30,MOD-006
EVD-000148,CASE-00025,campaign,CAMP-009,2026-03-25 22:56:30,MOD-006
EVD-000149,CASE-00026,comment,COM-001132,2026-05-30 10:42:11,MOD-001
EVD-000150,CASE-00026,comment,COM-001128,2026-05-30 10:42:11,MOD-001
EVD-000151,CASE-00026,comment,COM-001120,2026-05-30 10:42:11,MOD-001
EVD-000152,CASE-00026,report,REP-000583,2026-05-30 10:42:11,MOD-001
EVD-000153,CASE-00026,report,REP-000584,2026-05-30 10:42:11,MOD-001
EVD-000154,CASE-00026,campaign,CAMP-005,2026-05-30 10:42:11,MOD-001
EVD-000155,CASE-00027,comment,COM-001179,2026-03-15 15:19:09,MOD-002
EVD-000156,CASE-00027,comment,COM-001193,2026-03-15 15:19:09,MOD-002
EVD-000157,CASE-00027,comment,COM-001194,2026-03-15 15:19:09,MOD-002
EVD-000158,CASE-00027,report,REP-000594,2026-03-15 15:19:09,MOD-002
EVD-000159,CASE-00027,report,REP-000595,2026-03-15 15:19:09,MOD-002
EVD-000160,CASE-00027,campaign,CAMP-015,2026-03-15 15:19:09,MOD-002
EVD-000161,CASE-00028,comment,COM-001198,2026-05-09 10:08:36,MOD-004
EVD-000162,CASE-00028,comment,COM-001201,2026-05-09 10:08:36,MOD-004
EVD-000163,CASE-00028,comment,COM-001204,2026-05-09 10:08:36,MOD-004
EVD-000164,CASE-00028,report,REP-000596,2026-05-09 10:08:36,MOD-004
EVD-000165,CASE-00028,report,REP-000602,2026-05-09 10:08:36,MOD-004
EVD-000166,CASE-00028,campaign,CAMP-009,2026-05-09 10:08:36,MOD-004
EVD-000167,CASE-00029,comment,COM-001239,2025-12-19 13:37:22,MOD-008
EVD-000168,CASE-00029,comment,COM-001237,2025-12-19 13:37:22,MOD-008
EVD-000169,CASE-00029,comment,COM-001234,2025-12-19 13:37:22,MOD-008
EVD-000170,CASE-00029,report,REP-000605,2025-12-19 13:37:22,MOD-008
EVD-000171,CASE-00029,report,REP-000608,2025-12-19 13:37:22,MOD-008
EVD-000172,CASE-00029,campaign,CAMP-013,2025-12-19 13:37:22,MOD-008
EVD-000173,CASE-00030,comment,COM-001250,2026-05-18 13:00:21,MOD-003
EVD-000174,CASE-00030,comment,COM-001249,2026-05-18 13:00:21,MOD-003
EVD-000175,CASE-00030,comment,COM-001256,2026-05-18 13:00:21,MOD-003
EVD-000176,CASE-00030,report,REP-000617,2026-05-18 13:00:21,MOD-003
EVD-000177,CASE-00030,report,REP-000618,2026-05-18 13:00:21,MOD-003
EVD-000178,CASE-00030,campaign,CAMP-010,2026-05-18 13:00:21,MOD-003
EVD-000179,CASE-00031,comment,COM-001289,2026-05-01 08:58:58,MOD-007
EVD-000180,CASE-00031,comment,COM-001302,2026-05-01 08:58:58,MOD-007
EVD-000181,CASE-00031,comment,COM-001294,2026-05-01 08:58:58,MOD-007
EVD-000182,CASE-00031,report,REP-000632,2026-05-01 08:58:58,MOD-007
EVD-000183,CASE-00031,report,REP-000633,2026-05-01 08:58:58,MOD-007
EVD-000184,CASE-00031,campaign,CAMP-001,2026-05-01 08:58:58,MOD-007
EVD-000185,CASE-00032,comment,COM-001335,2026-01-06 04:33:04,MOD-004
EVD-000186,CASE-00032,comment,COM-001323,2026-01-06 04:33:04,MOD-004
EVD-000187,CASE-00032,comment,COM-001328,2026-01-06 04:33:04,MOD-004
EVD-000188,CASE-00032,report,REP-000639,2026-01-06 04:33:04,MOD-004
EVD-000189,CASE-00032,report,REP-000637,2026-01-06 04:33:04,MOD-004
EVD-000190,CASE-00032,campaign,CAMP-004,2026-01-06 04:33:04,MOD-004
EVD-000191,CASE-00033,comment,COM-001375,2026-04-28 04:37:47,MOD-001
EVD-000192,CASE-00033,comment,COM-001373,2026-04-28 04:37:47,MOD-001
EVD-000193,CASE-00033,comment,COM-001369,2026-04-28 04:37:47,MOD-001
EVD-000194,CASE-00033,report,REP-000644,2026-04-28 04:37:47,MOD-001
EVD-000195,CASE-00033,report,REP-000645,2026-04-28 04:37:47,MOD-001
EVD-000196,CASE-00033,campaign,CAMP-012,2026-04-28 04:37:47,MOD-001
EVD-000197,CASE-00034,comment,COM-001398,2026-05-25 20:47:32,MOD-003
EVD-000198,CASE-00034,comment,COM-001418,2026-05-25 20:47:32,MOD-003
EVD-000199,CASE-00034,comment,COM-001403,2026-05-25 20:47:32,MOD-003
EVD-000200,CASE-00034,report,REP-000666,2026-05-25 20:47:32,MOD-003
EVD-000201,CASE-00034,report,REP-000669,2026-05-25 20:47:32,MOD-003
EVD-000202,CASE-00034,campaign,CAMP-009,2026-05-25 20:47:32,MOD-003
EVD-000203,CASE-00035,comment,COM-001450,2025-12-14 13:05:33,MOD-002
EVD-000204,CASE-00035,comment,COM-001433,2025-12-14 13:05:33,MOD-002
EVD-000205,CASE-00035,comment,COM-001435,2025-12-14 13:05:33,MOD-002
EVD-000206,CASE-00035,report,REP-000716,2025-12-14 13:05:33,MOD-002
EVD-000207,CASE-00035,report,REP-000718,2025-12-14 13:05:33,MOD-002
EVD-000208,CASE-00035,campaign,CAMP-006,2025-12-14 13:05:33,MOD-002
EVD-000209,CASE-00036,comment,COM-001464,2026-02-26 18:55:57,MOD-008
EVD-000210,CASE-00036,comment,COM-001468,2026-02-26 18:55:57,MOD-008
EVD-000211,CASE-00036,comment,COM-001465,2026-02-26 18:55:57,MOD-008
EVD-000212,CASE-00036,report,REP-000747,2026-02-26 18:55:57,MOD-008
EVD-000213,CASE-00036,report,REP-000748,2026-02-26 18:55:57,MOD-008
EVD-000214,CASE-00036,campaign,CAMP-010,2026-02-26 18:55:57,MOD-008
EVD-000215,CASE-00037,comment,COM-001474,2026-03-15 16:54:14,MOD-001
EVD-000216,CASE-00037,comment,COM-001480,2026-03-15 16:54:14,MOD-001
EVD-000217,CASE-00037,comment,COM-001485,2026-03-15 16:54:14,MOD-001
EVD-000218,CASE-00037,campaign,CAMP-014,2026-03-15 16:54:14,MOD-001
EVD-000219,CASE-00038,comment,COM-001503,2025-12-09 00:00:00,MOD-005
EVD-000220,CASE-00038,comment,COM-001516,2025-12-09 00:00:00,MOD-005
EVD-000221,CASE-00038,comment,COM-001511,2025-12-09 00:00:00,MOD-005
EVD-000222,CASE-00038,report,REP-000755,2025-12-09 00:00:00,MOD-005
EVD-000223,CASE-00038,report,REP-000757,2025-12-09 00:00:00,MOD-005
EVD-000224,CASE-00038,campaign,CAMP-002,2025-12-09 00:00:00,MOD-005
EVD-000225,CASE-00039,comment,COM-001551,2026-02-20 14:56:58,MOD-002
EVD-000226,CASE-00039,comment,COM-001539,2026-02-20 14:56:58,MOD-002
EVD-000227,CASE-00039,comment,COM-001543,2026-02-20 14:56:58,MOD-002
EVD-000228,CASE-00039,report,REP-000769,2026-02-20 14:56:58,MOD-002
EVD-000229,CASE-00039,report,REP-000772,2026-02-20 14:56:58,MOD-002
EVD-000230,CASE-00039,campaign,CAMP-004,2026-02-20 14:56:58,MOD-002
EVD-000231,CASE-00040,comment,COM-001589,2026-03-19 04:20:21,MOD-008
EVD-000232,CASE-00040,comment,COM-001602,2026-03-19 04:20:21,MOD-008
EVD-000233,CASE-00040,comment,COM-001588,2026-03-19 04:20:21,MOD-008
EVD-000234,CASE-00040,report,REP-000778,2026-03-19 04:20:21,MOD-008
EVD-000235,CASE-00040,report,REP-000774,2026-03-19 04:20:21,MOD-008
EVD-000236,CASE-00040,campaign,CAMP-011,2026-03-19 04:20:21,MOD-008
EVD-000237,CASE-00041,comment,COM-001628,2026-06-01 00:26:26,MOD-003
EVD-000238,CASE-00041,comment,COM-001634,2026-06-01 00:26:26,MOD-003
EVD-000239,CASE-00041,comment,COM-001631,2026-06-01 00:26:26,MOD-003
EVD-000240,CASE-00041,report,REP-000797,2026-06-01 00:26:26,MOD-003
EVD-000241,CASE-00041,report,REP-000798,2026-06-01 00:26:26,MOD-003
EVD-000242,CASE-00041,campaign,CAMP-003,2026-06-01 00:26:26,MOD-003
EVD-000243,CASE-00042,comment,COM-001657,2026-01-23 00:00:00,MOD-005
EVD-000244,CASE-00042,comment,COM-001676,2026-01-23 00:00:00,MOD-005
EVD-000245,CASE-00042,comment,COM-001674,2026-01-23 00:00:00,MOD-005
EVD-000246,CASE-00042,report,REP-000804,2026-01-23 00:00:00,MOD-005
EVD-000247,CASE-00042,report,REP-000802,2026-01-23 00:00:00,MOD-005
EVD-000248,CASE-00042,campaign,CAMP-016,2026-01-23 00:00:00,MOD-005
EVD-000249,CASE-00043,comment,COM-001753,2026-04-12 10:29:21,MOD-003
EVD-000250,CASE-00043,comment,COM-001766,2026-04-12 10:29:21,MOD-003
EVD-000251,CASE-00043,comment,COM-001749,2026-04-12 10:29:21,MOD-003
EVD-000252,CASE-00043,report,REP-000835,2026-04-12 10:29:21,MOD-003
EVD-000253,CASE-00043,report,REP-000836,2026-04-12 10:29:21,MOD-003
EVD-000254,CASE-00043,campaign,CAMP-012,2026-04-12 10:29:21,MOD-003
EVD-000255,CASE-00044,comment,COM-001773,2026-05-03 07:36:18,MOD-001
EVD-000256,CASE-00044,comment,COM-001778,2026-05-03 07:36:18,MOD-001
EVD-000257,CASE-00044,comment,COM-001776,2026-05-03 07:36:18,MOD-001
EVD-000258,CASE-00044,report,REP-000847,2026-05-03 07:36:18,MOD-001
EVD-000259,CASE-00044,report,REP-000848,2026-05-03 07:36:18,MOD-001
EVD-000260,CASE-00044,campaign,CAMP-009,2026-05-03 07:36:18,MOD-001
EVD-000261,CASE-00045,comment,COM-001807,2026-03-04 15:32:57,MOD-008
EVD-000262,CASE-00045,comment,COM-001813,2026-03-04 15:32:57,MOD-008
EVD-000263,CASE-00045,comment,COM-001824,2026-03-04 15:32:57,MOD-008
EVD-000264,CASE-00045,report,REP-000852,2026-03-04 15:32:57,MOD-008
EVD-000265,CASE-00045,report,REP-000851,2026-03-04 15:32:57,MOD-008
EVD-000266,CASE-00045,campaign,CAMP-012,2026-03-04 15:32:57,MOD-008
EVD-000267,CASE-00046,comment,COM-001841,2026-05-28 00:00:00,MOD-006
EVD-000268,CASE-00046,comment,COM-001843,2026-05-28 00:00:00,MOD-006
EVD-000269,CASE-00046,comment,COM-001842,2026-05-28 00:00:00,MOD-006
EVD-000270,CASE-00046,report,REP-000885,2026-05-28 00:00:00,MOD-006
EVD-000271,CASE-00046,report,REP-000886,2026-05-28 00:00:00,MOD-006
EVD-000272,CASE-00046,campaign,CAMP-003,2026-05-28 00:00:00,MOD-006
EVD-000273,CASE-00047,comment,COM-001858,2026-05-26 02:58:01,MOD-001
EVD-000274,CASE-00047,comment,COM-001859,2026-05-26 02:58:01,MOD-001
EVD-000275,CASE-00047,comment,COM-001860,2026-05-26 02:58:01,MOD-001
EVD-000276,CASE-00047,report,REP-000892,2026-05-26 02:58:01,MOD-001
EVD-000277,CASE-00047,report,REP-000893,2026-05-26 02:58:01,MOD-001
EVD-000278,CASE-00047,campaign,CAMP-006,2026-05-26 02:58:01,MOD-001
EVD-000279,CASE-00048,comment,COM-001949,2026-04-01 00:00:00,MOD-002
EVD-000280,CASE-00048,comment,COM-001952,2026-04-01 00:00:00,MOD-002
EVD-000281,CASE-00048,comment,COM-001951,2026-04-01 00:00:00,MOD-002
EVD-000282,CASE-00048,report,REP-000947,2026-04-01 00:00:00,MOD-002
EVD-000283,CASE-00048,report,REP-000950,2026-04-01 00:00:00,MOD-002
EVD-000284,CASE-00048,campaign,CAMP-002,2026-04-01 00:00:00,MOD-002
EVD-000285,CASE-00049,comment,COM-001970,2026-01-28 00:00:00,MOD-003
EVD-000286,CASE-00049,comment,COM-001964,2026-01-28 00:00:00,MOD-003
EVD-000287,CASE-00049,comment,COM-001981,2026-01-28 00:00:00,MOD-003
EVD-000288,CASE-00049,report,REP-000964,2026-01-28 00:00:00,MOD-003
EVD-000289,CASE-00049,report,REP-000963,2026-01-28 00:00:00,MOD-003
EVD-000290,CASE-00049,campaign,CAMP-016,2026-01-28 00:00:00,MOD-003
EVD-000291,CASE-00050,comment,COM-001993,2026-05-04 20:31:36,MOD-003
EVD-000292,CASE-00050,comment,COM-002016,2026-05-04 20:31:36,MOD-003
EVD-000293,CASE-00050,comment,COM-002014,2026-05-04 20:31:36,MOD-003
EVD-000294,CASE-00050,report,REP-000992,2026-05-04 20:31:36,MOD-003
EVD-000295,CASE-00050,report,REP-000993,2026-05-04 20:31:36,MOD-003
EVD-000296,CASE-00050,campaign,CAMP-009,2026-05-04 20:31:36,MOD-003
EVD-000297,CASE-00051,comment,COM-002050,2026-03-28 02:47:37,MOD-004
EVD-000298,CASE-00051,comment,COM-002048,2026-03-28 02:47:37,MOD-004
EVD-000299,CASE-00051,comment,COM-002055,2026-03-28 02:47:37,MOD-004
EVD-000300,CASE-00051,report,REP-001015,2026-03-28 02:47:37,MOD-004
EVD-000301,CASE-00051,report,REP-001017,2026-03-28 02:47:37,MOD-004
EVD-000302,CASE-00051,campaign,CAMP-013,2026-03-28 02:47:37,MOD-004
EVD-000303,CASE-00052,comment,COM-002102,2026-03-18 12:50:53,MOD-006
EVD-000304,CASE-00052,comment,COM-002094,2026-03-18 12:50:53,MOD-006
EVD-000305,CASE-00052,comment,COM-002086,2026-03-18 12:50:53,MOD-006
EVD-000306,CASE-00052,report,REP-001035,2026-03-18 12:50:53,MOD-006
EVD-000307,CASE-00052,report,REP-001037,2026-03-18 12:50:53,MOD-006
EVD-000308,CASE-00052,campaign,CAMP-010,2026-03-18 12:50:53,MOD-006
EVD-000309,CASE-00053,comment,COM-002131,2026-02-10 02:55:58,MOD-004
EVD-000310,CASE-00053,comment,COM-002124,2026-02-10 02:55:58,MOD-004
EVD-000311,CASE-00053,comment,COM-002153,2026-02-10 02:55:58,MOD-004
EVD-000312,CASE-00053,report,REP-001051,2026-02-10 02:55:58,MOD-004
EVD-000313,CASE-00053,report,REP-001052,2026-02-10 02:55:58,MOD-004
EVD-000314,CASE-00053,campaign,CAMP-016,2026-02-10 02:55:58,MOD-004
EVD-000315,CASE-00054,comment,COM-002155,2026-04-05 00:00:00,MOD-006
EVD-000316,CASE-00054,comment,COM-002164,2026-04-05 00:00:00,MOD-006
EVD-000317,CASE-00054,comment,COM-002200,2026-04-05 00:00:00,MOD-006
EVD-000318,CASE-00054,report,REP-001081,2026-04-05 00:00:00,MOD-006
EVD-000319,CASE-00054,report,REP-001080,2026-04-05 00:00:00,MOD-006
EVD-000320,CASE-00054,campaign,CAMP-008,2026-04-05 00:00:00,MOD-006
EVD-000321,CASE-00055,comment,COM-002221,2026-05-30 01:50:35,MOD-004
EVD-000322,CASE-00055,comment,COM-002231,2026-05-30 01:50:35,MOD-004
EVD-000323,CASE-00055,comment,COM-002218,2026-05-30 01:50:35,MOD-004
EVD-000324,CASE-00055,report,REP-001121,2026-05-30 01:50:35,MOD-004
EVD-000325,CASE-00055,report,REP-001122,2026-05-30 01:50:35,MOD-004
EVD-000326,CASE-00055,campaign,CAMP-014,2026-05-30 01:50:35,MOD-004
EVD-000327,CASE-00056,comment,COM-002241,2026-05-31 00:00:00,MOD-001
EVD-000328,CASE-00056,comment,COM-002248,2026-05-31 00:00:00,MOD-001
EVD-000329,CASE-00056,comment,COM-002234,2026-05-31 00:00:00,MOD-001
EVD-000330,CASE-00056,report,REP-001124,2026-05-31 00:00:00,MOD-001
EVD-000331,CASE-00056,report,REP-001125,2026-05-31 00:00:00,MOD-001
EVD-000332,CASE-00056,campaign,CAMP-013,2026-05-31 00:00:00,MOD-001
EVD-000333,CASE-00057,comment,COM-002263,2026-04-04 00:00:00,MOD-001
EVD-000334,CASE-00057,comment,COM-002258,2026-04-04 00:00:00,MOD-001
EVD-000335,CASE-00057,comment,COM-002279,2026-04-04 00:00:00,MOD-001
EVD-000336,CASE-00057,report,REP-001130,2026-04-04 00:00:00,MOD-001
EVD-000337,CASE-00057,report,REP-001134,2026-04-04 00:00:00,MOD-001
EVD-000338,CASE-00057,campaign,CAMP-007,2026-04-04 00:00:00,MOD-001
EVD-000339,CASE-00058,comment,COM-002310,2026-03-09 00:00:00,MOD-004
EVD-000340,CASE-00058,comment,COM-002315,2026-03-09 00:00:00,MOD-004
EVD-000341,CASE-00058,comment,COM-002317,2026-03-09 00:00:00,MOD-004
EVD-000342,CASE-00058,report,REP-001160,2026-03-09 00:00:00,MOD-004
EVD-000343,CASE-00058,report,REP-001156,2026-03-09 00:00:00,MOD-004
EVD-000344,CASE-00058,campaign,CAMP-016,2026-03-09 00:00:00,MOD-004
EVD-000345,CASE-00059,comment,COM-002356,2026-03-23 20:54:50,MOD-003
EVD-000346,CASE-00059,comment,COM-002360,2026-03-23 20:54:50,MOD-003
EVD-000347,CASE-00059,comment,COM-002391,2026-03-23 20:54:50,MOD-003
EVD-000348,CASE-00059,report,REP-001196,2026-03-23 20:54:50,MOD-003
EVD-000349,CASE-00059,report,REP-001197,2026-03-23 20:54:50,MOD-003
EVD-000350,CASE-00059,campaign,CAMP-003,2026-03-23 20:54:50,MOD-003
EVD-000351,CASE-00060,comment,COM-002415,2026-01-08 12:31:54,MOD-008
EVD-000352,CASE-00060,comment,COM-002424,2026-01-08 12:31:54,MOD-008
EVD-000353,CASE-00060,comment,COM-002433,2026-01-08 12:31:54,MOD-008
EVD-000354,CASE-00060,report,REP-001214,2026-01-08 12:31:54,MOD-008
EVD-000355,CASE-00060,report,REP-001215,2026-01-08 12:31:54,MOD-008
EVD-000356,CASE-00060,campaign,CAMP-014,2026-01-08 12:31:54,MOD-008
EVD-000357,CASE-00061,comment,COM-002437,2026-05-11 19:46:32,MOD-002
EVD-000358,CASE-00061,comment,COM-002447,2026-05-11 19:46:32,MOD-002
EVD-000359,CASE-00061,comment,COM-002449,2026-05-11 19:46:32,MOD-002
EVD-000360,CASE-00061,report,REP-001219,2026-05-11 19:46:32,MOD-002
EVD-000361,CASE-00061,report,REP-001218,2026-05-11 19:46:32,MOD-002
EVD-000362,CASE-00061,campaign,CAMP-016,2026-05-11 19:46:32,MOD-002
EVD-000363,CASE-00062,comment,COM-002493,2026-05-11 02:11:12,MOD-007
EVD-000364,CASE-00062,comment,COM-002499,2026-05-11 02:11:12,MOD-007
EVD-000365,CASE-00062,comment,COM-002508,2026-05-11 02:11:12,MOD-007
EVD-000366,CASE-00062,report,REP-001243,2026-05-11 02:11:12,MOD-007
EVD-000367,CASE-00062,report,REP-001244,2026-05-11 02:11:12,MOD-007
EVD-000368,CASE-00062,campaign,CAMP-015,2026-05-11 02:11:12,MOD-007
EVD-000369,CASE-00063,comment,COM-002540,2026-02-23 16:32:29,MOD-001
EVD-000370,CASE-00063,comment,COM-002550,2026-02-23 16:32:29,MOD-001
EVD-000371,CASE-00063,comment,COM-002555,2026-02-23 16:32:29,MOD-001
EVD-000372,CASE-00063,report,REP-001250,2026-02-23 16:32:29,MOD-001
EVD-000373,CASE-00063,report,REP-001249,2026-02-23 16:32:29,MOD-001
EVD-000374,CASE-00063,campaign,CAMP-004,2026-02-23 16:32:29,MOD-001
EVD-000375,CASE-00064,comment,COM-002604,2025-12-11 00:00:00,MOD-001
EVD-000376,CASE-00064,comment,COM-002588,2025-12-11 00:00:00,MOD-001
EVD-000377,CASE-00064,comment,COM-002587,2025-12-11 00:00:00,MOD-001
EVD-000378,CASE-00064,report,REP-001263,2025-12-11 00:00:00,MOD-001
EVD-000379,CASE-00064,report,REP-001262,2025-12-11 00:00:00,MOD-001
EVD-000380,CASE-00064,campaign,CAMP-010,2025-12-11 00:00:00,MOD-001
EVD-000381,CASE-00065,comment,COM-002612,2026-04-19 22:00:28,MOD-002
EVD-000382,CASE-00065,comment,COM-002615,2026-04-19 22:00:28,MOD-002
EVD-000383,CASE-00065,comment,COM-002611,2026-04-19 22:00:28,MOD-002
EVD-000384,CASE-00065,report,REP-001289,2026-04-19 22:00:28,MOD-002
EVD-000385,CASE-00065,report,REP-001292,2026-04-19 22:00:28,MOD-002
EVD-000386,CASE-00065,campaign,CAMP-015,2026-04-19 22:00:28,MOD-002
EVD-000387,CASE-00066,comment,COM-002692,2026-05-09 10:07:41,MOD-004
EVD-000388,CASE-00066,comment,COM-002667,2026-05-09 10:07:41,MOD-004
EVD-000389,CASE-00066,comment,COM-002668,2026-05-09 10:07:41,MOD-004
EVD-000390,CASE-00066,report,REP-001302,2026-05-09 10:07:41,MOD-004
EVD-000391,CASE-00066,report,REP-001300,2026-05-09 10:07:41,MOD-004
EVD-000392,CASE-00066,campaign,CAMP-011,2026-05-09 10:07:41,MOD-004
EVD-000393,CASE-00067,comment,COM-002716,2026-01-16 03:00:58,MOD-007
EVD-000394,CASE-00067,comment,COM-002731,2026-01-16 03:00:58,MOD-007
EVD-000395,CASE-00067,comment,COM-002718,2026-01-16 03:00:58,MOD-007
EVD-000396,CASE-00067,report,REP-001325,2026-01-16 03:00:58,MOD-007
EVD-000397,CASE-00067,report,REP-001327,2026-01-16 03:00:58,MOD-007
EVD-000398,CASE-00067,campaign,CAMP-013,2026-01-16 03:00:58,MOD-007
EVD-000399,CASE-00068,comment,COM-002762,2026-05-06 17:40:09,MOD-008
EVD-000400,CASE-00068,comment,COM-002765,2026-05-06 17:40:09,MOD-008
EVD-000401,CASE-00068,comment,COM-002767,2026-05-06 17:40:09,MOD-008
EVD-000402,CASE-00068,report,REP-001336,2026-05-06 17:40:09,MOD-008
EVD-000403,CASE-00068,report,REP-001334,2026-05-06 17:40:09,MOD-008
EVD-000404,CASE-00068,campaign,CAMP-005,2026-05-06 17:40:09,MOD-008
EVD-000405,CASE-00069,comment,COM-002798,2026-03-30 00:00:00,MOD-008
EVD-000406,CASE-00069,comment,COM-002796,2026-03-30 00:00:00,MOD-008
EVD-000407,CASE-00069,comment,COM-002790,2026-03-30 00:00:00,MOD-008
EVD-000408,CASE-00069,report,REP-001340,2026-03-30 00:00:00,MOD-008
EVD-000409,CASE-00069,report,REP-001342,2026-03-30 00:00:00,MOD-008
EVD-000410,CASE-00069,campaign,CAMP-016,2026-03-30 00:00:00,MOD-008
EVD-000411,CASE-00070,comment,COM-002806,2026-01-12 00:00:00,MOD-001
EVD-000412,CASE-00070,comment,COM-002811,2026-01-12 00:00:00,MOD-001
EVD-000413,CASE-00070,comment,COM-002824,2026-01-12 00:00:00,MOD-001
EVD-000414,CASE-00070,report,REP-001360,2026-01-12 00:00:00,MOD-001
EVD-000415,CASE-00070,report,REP-001362,2026-01-12 00:00:00,MOD-001
EVD-000416,CASE-00070,campaign,CAMP-016,2026-01-12 00:00:00,MOD-001
EVD-000417,CASE-00071,comment,COM-002853,2025-12-17 00:00:00,MOD-002
EVD-000418,CASE-00071,comment,COM-002850,2025-12-17 00:00:00,MOD-002
EVD-000419,CASE-00071,comment,COM-002852,2025-12-17 00:00:00,MOD-002
EVD-000420,CASE-00071,report,REP-001391,2025-12-17 00:00:00,MOD-002
EVD-000421,CASE-00071,report,REP-001392,2025-12-17 00:00:00,MOD-002
EVD-000422,CASE-00071,campaign,CAMP-012,2025-12-17 00:00:00,MOD-002
EVD-000423,CASE-00072,comment,COM-002890,2026-05-10 01:31:34,MOD-007
EVD-000424,CASE-00072,comment,COM-002875,2026-05-10 01:31:34,MOD-007
EVD-000425,CASE-00072,comment,COM-002865,2026-05-10 01:31:34,MOD-007
EVD-000426,CASE-00072,report,REP-001403,2026-05-10 01:31:34,MOD-007
EVD-000427,CASE-00072,report,REP-001408,2026-05-10 01:31:34,MOD-007
EVD-000428,CASE-00072,campaign,CAMP-010,2026-05-10 01:31:34,MOD-007
EVD-000429,CASE-00073,comment,COM-002901,2026-01-30 11:20:18,MOD-007
EVD-000430,CASE-00073,comment,COM-002898,2026-01-30 11:20:18,MOD-007
EVD-000431,CASE-00073,comment,COM-002900,2026-01-30 11:20:18,MOD-007
EVD-000432,CASE-00073,report,REP-001424,2026-01-30 11:20:18,MOD-007
EVD-000433,CASE-00073,report,REP-001426,2026-01-30 11:20:18,MOD-007
EVD-000434,CASE-00073,campaign,CAMP-010,2026-01-30 11:20:18,MOD-007
EVD-000435,CASE-00074,comment,COM-002935,2026-05-30 12:11:48,MOD-007
EVD-000436,CASE-00074,comment,COM-002924,2026-05-30 12:11:48,MOD-007
EVD-000437,CASE-00074,comment,COM-002927,2026-05-30 12:11:48,MOD-007
EVD-000438,CASE-00074,report,REP-001442,2026-05-30 12:11:48,MOD-007
EVD-000439,CASE-00074,report,REP-001444,2026-05-30 12:11:48,MOD-007
EVD-000440,CASE-00074,campaign,CAMP-006,2026-05-30 12:11:48,MOD-007
EVD-000441,CASE-00075,comment,COM-002962,2026-06-03 06:04:10,MOD-008
EVD-000442,CASE-00075,comment,COM-002957,2026-06-03 06:04:10,MOD-008
EVD-000443,CASE-00075,comment,COM-002967,2026-06-03 06:04:10,MOD-008
EVD-000444,CASE-00075,report,REP-001461,2026-06-03 06:04:10,MOD-008
EVD-000445,CASE-00075,report,REP-001460,2026-06-03 06:04:10,MOD-008
EVD-000446,CASE-00075,campaign,CAMP-016,2026-06-03 06:04:10,MOD-008
EVD-000447,CASE-00076,comment,COM-003002,2026-03-26 11:56:15,MOD-008
EVD-000448,CASE-00076,comment,COM-003003,2026-03-26 11:56:15,MOD-008
EVD-000449,CASE-00076,comment,COM-003004,2026-03-26 11:56:15,MOD-008
EVD-000450,CASE-00076,report,REP-001485,2026-03-26 11:56:15,MOD-008
EVD-000451,CASE-00076,report,REP-001490,2026-03-26 11:56:15,MOD-008
EVD-000452,CASE-00076,campaign,CAMP-006,2026-03-26 11:56:15,MOD-008
EVD-000453,CASE-00077,comment,COM-003044,2026-05-20 14:55:28,MOD-005
EVD-000454,CASE-00077,comment,COM-003062,2026-05-20 14:55:28,MOD-005
EVD-000455,CASE-00077,comment,COM-003054,2026-05-20 14:55:28,MOD-005
EVD-000456,CASE-00077,report,REP-001518,2026-05-20 14:55:28,MOD-005
EVD-000457,CASE-00077,report,REP-001519,2026-05-20 14:55:28,MOD-005
EVD-000458,CASE-00077,campaign,CAMP-012,2026-05-20 14:55:28,MOD-005
EVD-000459,CASE-00078,comment,COM-003135,2026-04-07 00:00:00,MOD-001
EVD-000460,CASE-00078,comment,COM-003143,2026-04-07 00:00:00,MOD-001
EVD-000461,CASE-00078,comment,COM-003140,2026-04-07 00:00:00,MOD-001
EVD-000462,CASE-00078,report,REP-001540,2026-04-07 00:00:00,MOD-001
EVD-000463,CASE-00078,report,REP-001538,2026-04-07 00:00:00,MOD-001
EVD-000464,CASE-00078,campaign,CAMP-012,2026-04-07 00:00:00,MOD-001
EVD-000465,CASE-00079,comment,COM-003149,2026-03-13 00:00:00,MOD-001
EVD-000466,CASE-00079,comment,COM-003148,2026-03-13 00:00:00,MOD-001
EVD-000467,CASE-00079,comment,COM-003153,2026-03-13 00:00:00,MOD-001
EVD-000468,CASE-00079,report,REP-001556,2026-03-13 00:00:00,MOD-001
EVD-000469,CASE-00079,report,REP-001558,2026-03-13 00:00:00,MOD-001
EVD-000470,CASE-00079,campaign,CAMP-006,2026-03-13 00:00:00,MOD-001
EVD-000471,CASE-00080,comment,COM-003201,2026-01-08 11:52:40,MOD-003
EVD-000472,CASE-00080,comment,COM-003214,2026-01-08 11:52:40,MOD-003
EVD-000473,CASE-00080,comment,COM-003216,2026-01-08 11:52:40,MOD-003
EVD-000474,CASE-00080,report,REP-001606,2026-01-08 11:52:40,MOD-003
EVD-000475,CASE-00080,report,REP-001607,2026-01-08 11:52:40,MOD-003
EVD-000476,CASE-00080,campaign,CAMP-003,2026-01-08 11:52:40,MOD-003
EVD-000477,CASE-00081,comment,COM-003241,2026-05-18 00:00:00,MOD-003
EVD-000478,CASE-00081,comment,COM-003253,2026-05-18 00:00:00,MOD-003
EVD-000479,CASE-00081,comment,COM-003249,2026-05-18 00:00:00,MOD-003
EVD-000480,CASE-00081,report,REP-001622,2026-05-18 00:00:00,MOD-003
EVD-000481,CASE-00081,report,REP-001626,2026-05-18 00:00:00,MOD-003
EVD-000482,CASE-00081,campaign,CAMP-003,2026-05-18 00:00:00,MOD-003
EVD-000483,CASE-00082,comment,COM-003275,2026-05-15 00:00:00,MOD-004
EVD-000484,CASE-00082,comment,COM-003299,2026-05-15 00:00:00,MOD-004
EVD-000485,CASE-00082,comment,COM-003285,2026-05-15 00:00:00,MOD-004
EVD-000486,CASE-00082,report,REP-001633,2026-05-15 00:00:00,MOD-004
EVD-000487,CASE-00082,report,REP-001635,2026-05-15 00:00:00,MOD-004
EVD-000488,CASE-00082,campaign,CAMP-009,2026-05-15 00:00:00,MOD-004
EVD-000489,CASE-00083,comment,COM-003307,2026-02-18 00:00:00,MOD-004
EVD-000490,CASE-00083,comment,COM-003302,2026-02-18 00:00:00,MOD-004
EVD-000491,CASE-00083,comment,COM-003310,2026-02-18 00:00:00,MOD-004
EVD-000492,CASE-00083,report,REP-001655,2026-02-18 00:00:00,MOD-004
EVD-000493,CASE-00083,report,REP-001653,2026-02-18 00:00:00,MOD-004
EVD-000494,CASE-00083,campaign,CAMP-012,2026-02-18 00:00:00,MOD-004
EVD-000495,CASE-00084,comment,COM-003324,2026-01-04 00:00:00,MOD-002
EVD-000496,CASE-00084,comment,COM-003325,2026-01-04 00:00:00,MOD-002
EVD-000497,CASE-00084,comment,COM-003326,2026-01-04 00:00:00,MOD-002
EVD-000498,CASE-00084,report,REP-001674,2026-01-04 00:00:00,MOD-002
EVD-000499,CASE-00084,report,REP-001673,2026-01-04 00:00:00,MOD-002
EVD-000500,CASE-00084,campaign,CAMP-006,2026-01-04 00:00:00,MOD-002
EVD-000501,CASE-00085,comment,COM-003377,2026-04-07 07:49:18,MOD-005
EVD-000502,CASE-00085,comment,COM-003384,2026-04-07 07:49:18,MOD-005
EVD-000503,CASE-00085,comment,COM-003375,2026-04-07 07:49:18,MOD-005
EVD-000504,CASE-00085,report,REP-001703,2026-04-07 07:49:18,MOD-005
EVD-000505,CASE-00085,report,REP-001702,2026-04-07 07:49:18,MOD-005
EVD-000506,CASE-00085,campaign,CAMP-011,2026-04-07 07:49:18,MOD-005
EVD-000507,CASE-00086,comment,COM-003397,2026-05-02 11:40:39,MOD-004
EVD-000508,CASE-00086,comment,COM-003396,2026-05-02 11:40:39,MOD-004
EVD-000509,CASE-00086,comment,COM-003390,2026-05-02 11:40:39,MOD-004
EVD-000510,CASE-00086,report,REP-001714,2026-05-02 11:40:39,MOD-004
EVD-000511,CASE-00086,campaign,CAMP-004,2026-05-02 11:40:39,MOD-004
EVD-000512,CASE-00087,comment,COM-003407,2026-03-27 07:26:40,MOD-005
EVD-000513,CASE-00087,comment,COM-003422,2026-03-27 07:26:40,MOD-005
EVD-000514,CASE-00087,comment,COM-003414,2026-03-27 07:26:40,MOD-005
EVD-000515,CASE-00087,report,REP-001716,2026-03-27 07:26:40,MOD-005
EVD-000516,CASE-00087,report,REP-001719,2026-03-27 07:26:40,MOD-005
EVD-000517,CASE-00087,campaign,CAMP-010,2026-03-27 07:26:40,MOD-005
EVD-000518,CASE-00088,comment,COM-003431,2026-04-06 03:20:16,MOD-002
EVD-000519,CASE-00088,comment,COM-003429,2026-04-06 03:20:16,MOD-002
EVD-000520,CASE-00088,comment,COM-003442,2026-04-06 03:20:16,MOD-002
EVD-000521,CASE-00088,report,REP-001727,2026-04-06 03:20:16,MOD-002
EVD-000522,CASE-00088,report,REP-001729,2026-04-06 03:20:16,MOD-002
EVD-000523,CASE-00088,campaign,CAMP-010,2026-04-06 03:20:16,MOD-002
EVD-000524,CASE-00089,comment,COM-003471,2026-06-03 17:33:41,MOD-002
EVD-000525,CASE-00089,comment,COM-003464,2026-06-03 17:33:41,MOD-002
EVD-000526,CASE-00089,comment,COM-003486,2026-06-03 17:33:41,MOD-002
EVD-000527,CASE-00089,report,REP-001739,2026-06-03 17:33:41,MOD-002
EVD-000528,CASE-00089,report,REP-001737,2026-06-03 17:33:41,MOD-002
EVD-000529,CASE-00089,campaign,CAMP-002,2026-06-03 17:33:41,MOD-002
EVD-000530,CASE-00090,comment,COM-003507,2026-05-25 11:29:55,MOD-005
EVD-000531,CASE-00090,comment,COM-003496,2026-05-25 11:29:55,MOD-005
EVD-000532,CASE-00090,comment,COM-003494,2026-05-25 11:29:55,MOD-005
EVD-000533,CASE-00090,report,REP-001759,2026-05-25 11:29:55,MOD-005
EVD-000534,CASE-00090,report,REP-001758,2026-05-25 11:29:55,MOD-005
EVD-000535,CASE-00090,campaign,CAMP-010,2026-05-25 11:29:55,MOD-005
EVD-000536,CASE-00091,comment,COM-003538,2026-05-19 21:04:47,MOD-002
EVD-000537,CASE-00091,comment,COM-003540,2026-05-19 21:04:47,MOD-002
EVD-000538,CASE-00091,comment,COM-003543,2026-05-19 21:04:47,MOD-002
EVD-000539,CASE-00091,report,REP-001774,2026-05-19 21:04:47,MOD-002
EVD-000540,CASE-00091,report,REP-001779,2026-05-19 21:04:47,MOD-002
EVD-000541,CASE-00091,campaign,CAMP-013,2026-05-19 21:04:47,MOD-002
EVD-000542,CASE-00092,comment,COM-003565,2026-04-24 05:40:22,MOD-005
EVD-000543,CASE-00092,comment,COM-003559,2026-04-24 05:40:22,MOD-005
EVD-000544,CASE-00092,comment,COM-003561,2026-04-24 05:40:22,MOD-005
EVD-000545,CASE-00092,report,REP-001786,2026-04-24 05:40:22,MOD-005
EVD-000546,CASE-00092,report,REP-001788,2026-04-24 05:40:22,MOD-005
EVD-000547,CASE-00092,campaign,CAMP-010,2026-04-24 05:40:22,MOD-005
EVD-000548,CASE-00093,comment,COM-003573,2026-04-27 13:01:28,MOD-005
EVD-000549,CASE-00093,comment,COM-003588,2026-04-27 13:01:28,MOD-005
EVD-000550,CASE-00093,comment,COM-003586,2026-04-27 13:01:28,MOD-005
EVD-000551,CASE-00093,report,REP-001804,2026-04-27 13:01:28,MOD-005
EVD-000552,CASE-00093,report,REP-001803,2026-04-27 13:01:28,MOD-005
EVD-000553,CASE-00093,campaign,CAMP-015,2026-04-27 13:01:28,MOD-005
EVD-000554,CASE-00094,comment,COM-003597,2025-12-27 00:00:00,MOD-005
EVD-000555,CASE-00094,comment,COM-003610,2025-12-27 00:00:00,MOD-005
EVD-000556,CASE-00094,comment,COM-003613,2025-12-27 00:00:00,MOD-005
EVD-000557,CASE-00094,report,REP-001810,2025-12-27 00:00:00,MOD-005
EVD-000558,CASE-00094,report,REP-001809,2025-12-27 00:00:00,MOD-005
EVD-000559,CASE-00094,campaign,CAMP-006,2025-12-27 00:00:00,MOD-005
EVD-000560,CASE-00095,comment,COM-003650,2025-12-14 00:00:00,MOD-003
EVD-000561,CASE-00095,comment,COM-003632,2025-12-14 00:00:00,MOD-003
EVD-000562,CASE-00095,comment,COM-003634,2025-12-14 00:00:00,MOD-003
EVD-000563,CASE-00095,report,REP-001855,2025-12-14 00:00:00,MOD-003
EVD-000564,CASE-00095,report,REP-001854,2025-12-14 00:00:00,MOD-003
EVD-000565,CASE-00095,campaign,CAMP-010,2025-12-14 00:00:00,MOD-003
EVD-000566,CASE-00096,comment,COM-003670,2026-03-26 00:00:00,MOD-002
EVD-000567,CASE-00096,comment,COM-003675,2026-03-26 00:00:00,MOD-002
EVD-000568,CASE-00096,comment,COM-003695,2026-03-26 00:00:00,MOD-002
EVD-000569,CASE-00096,report,REP-001884,2026-03-26 00:00:00,MOD-002
EVD-000570,CASE-00096,report,REP-001887,2026-03-26 00:00:00,MOD-002
EVD-000571,CASE-00096,campaign,CAMP-001,2026-03-26 00:00:00,MOD-002
EVD-000572,CASE-00097,comment,COM-003712,2026-05-03 22:30:39,MOD-005
EVD-000573,CASE-00097,comment,COM-003726,2026-05-03 22:30:39,MOD-005
EVD-000574,CASE-00097,comment,COM-003724,2026-05-03 22:30:39,MOD-005
EVD-000575,CASE-00097,report,REP-001920,2026-05-03 22:30:39,MOD-005
EVD-000576,CASE-00097,report,REP-001921,2026-05-03 22:30:39,MOD-005
EVD-000577,CASE-00097,campaign,CAMP-012,2026-05-03 22:30:39,MOD-005
EVD-000578,CASE-00098,comment,COM-003748,2026-05-22 09:53:06,MOD-006
EVD-000579,CASE-00098,comment,COM-003754,2026-05-22 09:53:06,MOD-006
EVD-000580,CASE-00098,comment,COM-003780,2026-05-22 09:53:06,MOD-006
EVD-000581,CASE-00098,report,REP-001940,2026-05-22 09:53:06,MOD-006
EVD-000582,CASE-00098,report,REP-001939,2026-05-22 09:53:06,MOD-006
EVD-000583,CASE-00098,campaign,CAMP-007,2026-05-22 09:53:06,MOD-006
EVD-000584,CASE-00099,comment,COM-003791,2026-05-04 22:05:41,MOD-008
EVD-000585,CASE-00099,comment,COM-003794,2026-05-04 22:05:41,MOD-008
EVD-000586,CASE-00099,comment,COM-003797,2026-05-04 22:05:41,MOD-008
EVD-000587,CASE-00099,report,REP-001995,2026-05-04 22:05:41,MOD-008
EVD-000588,CASE-00099,report,REP-001997,2026-05-04 22:05:41,MOD-008
EVD-000589,CASE-00099,campaign,CAMP-011,2026-05-04 22:05:41,MOD-008
EVD-000590,CASE-00100,comment,COM-003844,2026-03-29 00:00:00,MOD-002
EVD-000591,CASE-00100,comment,COM-003824,2026-03-29 00:00:00,MOD-002
EVD-000592,CASE-00100,comment,COM-003833,2026-03-29 00:00:00,MOD-002
EVD-000593,CASE-00100,report,REP-002029,2026-03-29 00:00:00,MOD-002
EVD-000594,CASE-00100,report,REP-002028,2026-03-29 00:00:00,MOD-002
EVD-000595,CASE-00100,campaign,CAMP-006,2026-03-29 00:00:00,MOD-002
EVD-000596,CASE-00101,comment,COM-003880,2025-12-27 13:23:35,MOD-005
EVD-000597,CASE-00101,comment,COM-003867,2025-12-27 13:23:35,MOD-005
EVD-000598,CASE-00101,comment,COM-003866,2025-12-27 13:23:35,MOD-005
EVD-000599,CASE-00101,report,REP-002051,2025-12-27 13:23:35,MOD-005
EVD-000600,CASE-00101,report,REP-002053,2025-12-27 13:23:35,MOD-005
EVD-000601,CASE-00101,campaign,CAMP-003,2025-12-27 13:23:35,MOD-005
EVD-000602,CASE-00102,comment,COM-003890,2026-05-21 00:00:00,MOD-006
EVD-000603,CASE-00102,comment,COM-003891,2026-05-21 00:00:00,MOD-006
EVD-000604,CASE-00102,comment,COM-003893,2026-05-21 00:00:00,MOD-006
EVD-000605,CASE-00102,report,REP-002066,2026-05-21 00:00:00,MOD-006
EVD-000606,CASE-00102,report,REP-002064,2026-05-21 00:00:00,MOD-006
EVD-000607,CASE-00102,campaign,CAMP-009,2026-05-21 00:00:00,MOD-006
EVD-000608,CASE-00103,comment,COM-003912,2026-05-19 20:46:51,MOD-003
EVD-000609,CASE-00103,comment,COM-003913,2026-05-19 20:46:51,MOD-003
EVD-000610,CASE-00103,comment,COM-003910,2026-05-19 20:46:51,MOD-003
EVD-000611,CASE-00103,report,REP-002074,2026-05-19 20:46:51,MOD-003
EVD-000612,CASE-00103,report,REP-002078,2026-05-19 20:46:51,MOD-003
EVD-000613,CASE-00103,campaign,CAMP-011,2026-05-19 20:46:51,MOD-003
EVD-000614,CASE-00104,comment,COM-003928,2026-02-13 15:08:02,MOD-001
EVD-000615,CASE-00104,comment,COM-003945,2026-02-13 15:08:02,MOD-001
EVD-000616,CASE-00104,comment,COM-003941,2026-02-13 15:08:02,MOD-001
EVD-000617,CASE-00104,report,REP-002096,2026-02-13 15:08:02,MOD-001
EVD-000618,CASE-00104,report,REP-002099,2026-02-13 15:08:02,MOD-001
EVD-000619,CASE-00104,campaign,CAMP-007,2026-02-13 15:08:02,MOD-001
EVD-000620,CASE-00105,comment,COM-003957,2026-05-04 00:00:00,MOD-003
EVD-000621,CASE-00105,comment,COM-003965,2026-05-04 00:00:00,MOD-003
EVD-000622,CASE-00105,comment,COM-003966,2026-05-04 00:00:00,MOD-003
EVD-000623,CASE-00105,report,REP-002122,2026-05-04 00:00:00,MOD-003
EVD-000624,CASE-00105,report,REP-002121,2026-05-04 00:00:00,MOD-003
EVD-000625,CASE-00105,campaign,CAMP-004,2026-05-04 00:00:00,MOD-003
EVD-000626,CASE-00106,comment,COM-004014,2026-01-13 00:00:00,MOD-006
EVD-000627,CASE-00106,comment,COM-004009,2026-01-13 00:00:00,MOD-006
EVD-000628,CASE-00106,comment,COM-004023,2026-01-13 00:00:00,MOD-006
EVD-000629,CASE-00106,report,REP-002128,2026-01-13 00:00:00,MOD-006
EVD-000630,CASE-00106,report,REP-002130,2026-01-13 00:00:00,MOD-006
EVD-000631,CASE-00106,campaign,CAMP-011,2026-01-13 00:00:00,MOD-006
EVD-000632,CASE-00107,comment,COM-004047,2026-05-16 06:03:33,MOD-007
EVD-000633,CASE-00107,comment,COM-004039,2026-05-16 06:03:33,MOD-007
EVD-000634,CASE-00107,comment,COM-004043,2026-05-16 06:03:33,MOD-007
EVD-000635,CASE-00107,report,REP-002148,2026-05-16 06:03:33,MOD-007
EVD-000636,CASE-00107,report,REP-002149,2026-05-16 06:03:33,MOD-007
EVD-000637,CASE-00107,campaign,CAMP-014,2026-05-16 06:03:33,MOD-007
EVD-000638,CASE-00108,comment,COM-004074,2026-04-30 00:00:00,MOD-005
EVD-000639,CASE-00108,comment,COM-004072,2026-04-30 00:00:00,MOD-005
EVD-000640,CASE-00108,comment,COM-004077,2026-04-30 00:00:00,MOD-005
EVD-000641,CASE-00108,report,REP-002151,2026-04-30 00:00:00,MOD-005
EVD-000642,CASE-00108,report,REP-002150,2026-04-30 00:00:00,MOD-005
EVD-000643,CASE-00108,campaign,CAMP-016,2026-04-30 00:00:00,MOD-005
EVD-000644,CASE-00109,comment,COM-004120,2026-02-28 00:00:00,MOD-006
EVD-000645,CASE-00109,comment,COM-004123,2026-02-28 00:00:00,MOD-006
EVD-000646,CASE-00109,comment,COM-004131,2026-02-28 00:00:00,MOD-006
EVD-000647,CASE-00109,report,REP-002191,2026-02-28 00:00:00,MOD-006
EVD-000648,CASE-00109,report,REP-002190,2026-02-28 00:00:00,MOD-006
EVD-000649,CASE-00109,campaign,CAMP-012,2026-02-28 00:00:00,MOD-006
EVD-000650,CASE-00110,comment,COM-004147,2026-05-08 09:26:29,MOD-002
EVD-000651,CASE-00110,comment,COM-004146,2026-05-08 09:26:29,MOD-002
EVD-000652,CASE-00110,comment,COM-004160,2026-05-08 09:26:29,MOD-002
EVD-000653,CASE-00110,report,REP-002205,2026-05-08 09:26:29,MOD-002
EVD-000654,CASE-00110,report,REP-002206,2026-05-08 09:26:29,MOD-002
EVD-000655,CASE-00110,campaign,CAMP-014,2026-05-08 09:26:29,MOD-002
EVD-000656,CASE-00111,comment,COM-004167,2026-03-08 14:07:34,MOD-003
EVD-000657,CASE-00111,comment,COM-004180,2026-03-08 14:07:34,MOD-003
EVD-000658,CASE-00111,comment,COM-004168,2026-03-08 14:07:34,MOD-003
EVD-000659,CASE-00111,report,REP-002209,2026-03-08 14:07:34,MOD-003
EVD-000660,CASE-00111,report,REP-002210,2026-03-08 14:07:34,MOD-003
EVD-000661,CASE-00111,campaign,CAMP-015,2026-03-08 14:07:34,MOD-003
EVD-000662,CASE-00112,comment,COM-004226,2026-05-21 08:39:54,MOD-003
EVD-000663,CASE-00112,comment,COM-004189,2026-05-21 08:39:54,MOD-003
EVD-000664,CASE-00112,comment,COM-004206,2026-05-21 08:39:54,MOD-003
EVD-000665,CASE-00112,report,REP-002213,2026-05-21 08:39:54,MOD-003
EVD-000666,CASE-00112,report,REP-002216,2026-05-21 08:39:54,MOD-003
EVD-000667,CASE-00112,campaign,CAMP-003,2026-05-21 08:39:54,MOD-003
EVD-000668,CASE-00113,comment,COM-004276,2026-02-16 00:00:00,MOD-003
EVD-000669,CASE-00113,comment,COM-004263,2026-02-16 00:00:00,MOD-003
EVD-000670,CASE-00113,comment,COM-004271,2026-02-16 00:00:00,MOD-003
EVD-000671,CASE-00113,report,REP-002244,2026-02-16 00:00:00,MOD-003
EVD-000672,CASE-00113,report,REP-002243,2026-02-16 00:00:00,MOD-003
EVD-000673,CASE-00113,campaign,CAMP-012,2026-02-16 00:00:00,MOD-003
EVD-000674,CASE-00114,comment,COM-004337,2026-03-14 15:04:33,MOD-004
EVD-000675,CASE-00114,comment,COM-004323,2026-03-14 15:04:33,MOD-004
EVD-000676,CASE-00114,comment,COM-004317,2026-03-14 15:04:33,MOD-004
EVD-000677,CASE-00114,report,REP-002269,2026-03-14 15:04:33,MOD-004
EVD-000678,CASE-00114,report,REP-002271,2026-03-14 15:04:33,MOD-004
EVD-000679,CASE-00114,campaign,CAMP-001,2026-03-14 15:04:33,MOD-004
EVD-000680,CASE-00115,comment,COM-004377,2026-05-08 15:47:00,MOD-002
EVD-000681,CASE-00115,comment,COM-004382,2026-05-08 15:47:00,MOD-002
EVD-000682,CASE-00115,comment,COM-004394,2026-05-08 15:47:00,MOD-002
EVD-000683,CASE-00115,report,REP-002287,2026-05-08 15:47:00,MOD-002
EVD-000684,CASE-00115,report,REP-002290,2026-05-08 15:47:00,MOD-002
EVD-000685,CASE-00115,campaign,CAMP-007,2026-05-08 15:47:00,MOD-002
EVD-000686,CASE-00116,comment,COM-004431,2026-02-24 00:00:00,MOD-008
EVD-000687,CASE-00116,comment,COM-004425,2026-02-24 00:00:00,MOD-008
EVD-000688,CASE-00116,comment,COM-004441,2026-02-24 00:00:00,MOD-008
EVD-000689,CASE-00116,report,REP-002318,2026-02-24 00:00:00,MOD-008
EVD-000690,CASE-00116,campaign,CAMP-015,2026-02-24 00:00:00,MOD-008
EVD-000691,CASE-00117,comment,COM-004466,2026-05-21 03:46:51,MOD-008
EVD-000692,CASE-00117,comment,COM-004478,2026-05-21 03:46:51,MOD-008
EVD-000693,CASE-00117,comment,COM-004473,2026-05-21 03:46:51,MOD-008
EVD-000694,CASE-00117,report,REP-002323,2026-05-21 03:46:51,MOD-008
EVD-000695,CASE-00117,report,REP-002322,2026-05-21 03:46:51,MOD-008
EVD-000696,CASE-00117,campaign,CAMP-013,2026-05-21 03:46:51,MOD-008
EVD-000697,CASE-00118,comment,COM-004558,2026-04-08 06:44:24,MOD-004
EVD-000698,CASE-00118,comment,COM-004555,2026-04-08 06:44:24,MOD-004
EVD-000699,CASE-00118,comment,COM-004557,2026-04-08 06:44:24,MOD-004
EVD-000700,CASE-00118,report,REP-002345,2026-04-08 06:44:24,MOD-004
EVD-000701,CASE-00118,report,REP-002348,2026-04-08 06:44:24,MOD-004
EVD-000702,CASE-00118,campaign,CAMP-012,2026-04-08 06:44:24,MOD-004
EVD-000703,CASE-00119,comment,COM-004576,2026-04-05 00:00:00,MOD-004
EVD-000704,CASE-00119,comment,COM-004577,2026-04-05 00:00:00,MOD-004
EVD-000705,CASE-00119,comment,COM-004578,2026-04-05 00:00:00,MOD-004
EVD-000706,CASE-00119,report,REP-002365,2026-04-05 00:00:00,MOD-004
EVD-000707,CASE-00119,report,REP-002371,2026-04-05 00:00:00,MOD-004
EVD-000708,CASE-00119,campaign,CAMP-004,2026-04-05 00:00:00,MOD-004
EVD-000709,CASE-00120,comment,COM-004644,2026-04-09 17:47:27,MOD-005
EVD-000710,CASE-00120,comment,COM-004626,2026-04-09 17:47:27,MOD-005
EVD-000711,CASE-00120,comment,COM-004620,2026-04-09 17:47:27,MOD-005
EVD-000712,CASE-00120,report,REP-002378,2026-04-09 17:47:27,MOD-005
EVD-000713,CASE-00120,report,REP-002377,2026-04-09 17:47:27,MOD-005
EVD-000714,CASE-00120,campaign,CAMP-006,2026-04-09 17:47:27,MOD-005
EVD-000715,CASE-00121,comment,COM-004657,2026-05-25 04:53:34,MOD-006
EVD-000716,CASE-00121,comment,COM-004658,2026-05-25 04:53:34,MOD-006
EVD-000717,CASE-00121,comment,COM-004665,2026-05-25 04:53:34,MOD-006
EVD-000718,CASE-00121,report,REP-002416,2026-05-25 04:53:34,MOD-006
EVD-000719,CASE-00121,report,REP-002414,2026-05-25 04:53:34,MOD-006
EVD-000720,CASE-00121,campaign,CAMP-005,2026-05-25 04:53:34,MOD-006
EVD-000721,CASE-00122,comment,COM-004712,2025-12-24 12:02:28,MOD-006
EVD-000722,CASE-00122,comment,COM-004717,2025-12-24 12:02:28,MOD-006
EVD-000723,CASE-00122,comment,COM-004728,2025-12-24 12:02:28,MOD-006
EVD-000724,CASE-00122,report,REP-002427,2025-12-24 12:02:28,MOD-006
EVD-000725,CASE-00122,report,REP-002426,2025-12-24 12:02:28,MOD-006
EVD-000726,CASE-00122,campaign,CAMP-007,2025-12-24 12:02:28,MOD-006
EVD-000727,CASE-00123,comment,COM-004789,2026-05-25 00:00:00,MOD-005
EVD-000728,CASE-00123,comment,COM-004773,2026-05-25 00:00:00,MOD-005
EVD-000729,CASE-00123,comment,COM-004770,2026-05-25 00:00:00,MOD-005
EVD-000730,CASE-00123,report,REP-002458,2026-05-25 00:00:00,MOD-005
EVD-000731,CASE-00123,report,REP-002456,2026-05-25 00:00:00,MOD-005
EVD-000732,CASE-00123,campaign,CAMP-003,2026-05-25 00:00:00,MOD-005
EVD-000733,CASE-00124,comment,COM-004806,2026-05-05 15:27:06,MOD-001
EVD-000734,CASE-00124,comment,COM-004799,2026-05-05 15:27:06,MOD-001
EVD-000735,CASE-00124,comment,COM-004822,2026-05-05 15:27:06,MOD-001
EVD-000736,CASE-00124,report,REP-002475,2026-05-05 15:27:06,MOD-001
EVD-000737,CASE-00124,report,REP-002476,2026-05-05 15:27:06,MOD-001
EVD-000738,CASE-00124,campaign,CAMP-004,2026-05-05 15:27:06,MOD-001
EVD-000739,CASE-00125,comment,COM-004871,2026-05-08 14:13:40,MOD-006
EVD-000740,CASE-00125,comment,COM-004868,2026-05-08 14:13:40,MOD-006
EVD-000741,CASE-00125,comment,COM-004853,2026-05-08 14:13:40,MOD-006
EVD-000742,CASE-00125,report,REP-002491,2026-05-08 14:13:40,MOD-006
EVD-000743,CASE-00125,report,REP-002489,2026-05-08 14:13:40,MOD-006
EVD-000744,CASE-00125,campaign,CAMP-015,2026-05-08 14:13:40,MOD-006
EVD-000745,CASE-00126,comment,COM-004879,2026-02-10 00:00:00,MOD-007
EVD-000746,CASE-00126,comment,COM-004881,2026-02-10 00:00:00,MOD-007
EVD-000747,CASE-00126,comment,COM-004882,2026-02-10 00:00:00,MOD-007
EVD-000748,CASE-00126,report,REP-002494,2026-02-10 00:00:00,MOD-007
EVD-000749,CASE-00126,report,REP-002495,2026-02-10 00:00:00,MOD-007
EVD-000750,CASE-00126,campaign,CAMP-006,2026-02-10 00:00:00,MOD-007
EVD-000751,CASE-00127,comment,COM-004923,2026-04-13 09:33:55,MOD-005
EVD-000752,CASE-00127,comment,COM-004928,2026-04-13 09:33:55,MOD-005
EVD-000753,CASE-00127,comment,COM-004931,2026-04-13 09:33:55,MOD-005
EVD-000754,CASE-00127,report,REP-002531,2026-04-13 09:33:55,MOD-005
EVD-000755,CASE-00127,report,REP-002534,2026-04-13 09:33:55,MOD-005
EVD-000756,CASE-00127,campaign,CAMP-007,2026-04-13 09:33:55,MOD-005
EVD-000757,CASE-00128,comment,COM-004955,2026-05-21 12:53:21,MOD-004
EVD-000758,CASE-00128,comment,COM-004962,2026-05-21 12:53:21,MOD-004
EVD-000759,CASE-00128,comment,COM-004976,2026-05-21 12:53:21,MOD-004
EVD-000760,CASE-00128,report,REP-002559,2026-05-21 12:53:21,MOD-004
EVD-000761,CASE-00128,report,REP-002562,2026-05-21 12:53:21,MOD-004
EVD-000762,CASE-00128,campaign,CAMP-016,2026-05-21 12:53:21,MOD-004
EVD-000763,CASE-00129,comment,COM-004990,2026-03-01 01:23:41,MOD-006
EVD-000764,CASE-00129,comment,COM-004994,2026-03-01 01:23:41,MOD-006
EVD-000765,CASE-00129,comment,COM-004991,2026-03-01 01:23:41,MOD-006
EVD-000766,CASE-00129,report,REP-002580,2026-03-01 01:23:41,MOD-006
EVD-000767,CASE-00129,campaign,CAMP-015,2026-03-01 01:23:41,MOD-006
EVD-000768,CASE-00130,comment,COM-005024,2026-02-26 18:43:45,MOD-002
EVD-000769,CASE-00130,comment,COM-005026,2026-02-26 18:43:45,MOD-002
EVD-000770,CASE-00130,comment,COM-005003,2026-02-26 18:43:45,MOD-002
EVD-000771,CASE-00130,report,REP-002581,2026-02-26 18:43:45,MOD-002
EVD-000772,CASE-00130,report,REP-002583,2026-02-26 18:43:45,MOD-002
EVD-000773,CASE-00130,campaign,CAMP-011,2026-02-26 18:43:45,MOD-002
EVD-000774,CASE-00131,comment,COM-005042,2026-04-24 19:09:14,MOD-007
EVD-000775,CASE-00131,comment,COM-005043,2026-04-24 19:09:14,MOD-007
EVD-000776,CASE-00131,comment,COM-005045,2026-04-24 19:09:14,MOD-007
EVD-000777,CASE-00131,report,REP-002602,2026-04-24 19:09:14,MOD-007
EVD-000778,CASE-00131,report,REP-002603,2026-04-24 19:09:14,MOD-007
EVD-000779,CASE-00131,campaign,CAMP-006,2026-04-24 19:09:14,MOD-007
EVD-000780,CASE-00132,comment,COM-005103,2026-03-16 02:19:52,MOD-005
EVD-000781,CASE-00132,comment,COM-005115,2026-03-16 02:19:52,MOD-005
EVD-000782,CASE-00132,comment,COM-005114,2026-03-16 02:19:52,MOD-005
EVD-000783,CASE-00132,report,REP-002677,2026-03-16 02:19:52,MOD-005
EVD-000784,CASE-00132,report,REP-002678,2026-03-16 02:19:52,MOD-005
EVD-000785,CASE-00132,campaign,CAMP-011,2026-03-16 02:19:52,MOD-005
EVD-000786,CASE-00133,comment,COM-005125,2026-03-29 13:58:26,MOD-004
EVD-000787,CASE-00133,comment,COM-005159,2026-03-29 13:58:26,MOD-004
EVD-000788,CASE-00133,comment,COM-005139,2026-03-29 13:58:26,MOD-004
EVD-000789,CASE-00133,report,REP-002689,2026-03-29 13:58:26,MOD-004
EVD-000790,CASE-00133,report,REP-002690,2026-03-29 13:58:26,MOD-004
EVD-000791,CASE-00133,campaign,CAMP-001,2026-03-29 13:58:26,MOD-004
EVD-000792,CASE-00134,comment,COM-005182,2026-02-18 23:37:14,MOD-003
EVD-000793,CASE-00134,comment,COM-005220,2026-02-18 23:37:14,MOD-003
EVD-000794,CASE-00134,comment,COM-005209,2026-02-18 23:37:14,MOD-003
EVD-000795,CASE-00134,report,REP-002704,2026-02-18 23:37:14,MOD-003
EVD-000796,CASE-00134,report,REP-002703,2026-02-18 23:37:14,MOD-003
EVD-000797,CASE-00134,campaign,CAMP-005,2026-02-18 23:37:14,MOD-003
EVD-000798,CASE-00135,comment,COM-005332,2026-02-22 09:10:12,MOD-007
EVD-000799,CASE-00135,comment,COM-005313,2026-02-22 09:10:12,MOD-007
EVD-000800,CASE-00135,comment,COM-005326,2026-02-22 09:10:12,MOD-007
EVD-000801,CASE-00135,report,REP-002721,2026-02-22 09:10:12,MOD-007
EVD-000802,CASE-00135,report,REP-002717,2026-02-22 09:10:12,MOD-007
EVD-000803,CASE-00135,campaign,CAMP-012,2026-02-22 09:10:12,MOD-007
EVD-000804,CASE-00136,comment,COM-005365,2026-01-12 00:00:00,MOD-005
EVD-000805,CASE-00136,comment,COM-005369,2026-01-12 00:00:00,MOD-005
EVD-000806,CASE-00136,comment,COM-005356,2026-01-12 00:00:00,MOD-005
EVD-000807,CASE-00136,report,REP-002748,2026-01-12 00:00:00,MOD-005
EVD-000808,CASE-00136,report,REP-002749,2026-01-12 00:00:00,MOD-005
EVD-000809,CASE-00136,campaign,CAMP-010,2026-01-12 00:00:00,MOD-005
EVD-000810,CASE-00137,comment,COM-005391,2026-05-24 19:24:29,MOD-007
EVD-000811,CASE-00137,comment,COM-005374,2026-05-24 19:24:29,MOD-007
EVD-000812,CASE-00137,comment,COM-005394,2026-05-24 19:24:29,MOD-007
EVD-000813,CASE-00137,report,REP-002765,2026-05-24 19:24:29,MOD-007
EVD-000814,CASE-00137,report,REP-002764,2026-05-24 19:24:29,MOD-007
EVD-000815,CASE-00137,campaign,CAMP-005,2026-05-24 19:24:29,MOD-007
EVD-000816,CASE-00138,comment,COM-005424,2026-04-01 02:09:12,MOD-008
EVD-000817,CASE-00138,comment,COM-005426,2026-04-01 02:09:12,MOD-008
EVD-000818,CASE-00138,comment,COM-005428,2026-04-01 02:09:12,MOD-008
EVD-000819,CASE-00138,report,REP-002779,2026-04-01 02:09:12,MOD-008
EVD-000820,CASE-00138,report,REP-002784,2026-04-01 02:09:12,MOD-008
EVD-000821,CASE-00138,campaign,CAMP-002,2026-04-01 02:09:12,MOD-008
EVD-000822,CASE-00139,comment,COM-005451,2026-02-12 04:52:40,MOD-004
EVD-000823,CASE-00139,comment,COM-005462,2026-02-12 04:52:40,MOD-004
EVD-000824,CASE-00139,comment,COM-005473,2026-02-12 04:52:40,MOD-004
EVD-000825,CASE-00139,report,REP-002793,2026-02-12 04:52:40,MOD-004
EVD-000826,CASE-00139,report,REP-002794,2026-02-12 04:52:40,MOD-004
EVD-000827,CASE-00139,campaign,CAMP-010,2026-02-12 04:52:40,MOD-004
EVD-000828,CASE-00140,comment,COM-005484,2026-01-29 19:27:01,MOD-003
EVD-000829,CASE-00140,comment,COM-005474,2026-01-29 19:27:01,MOD-003
EVD-000830,CASE-00140,comment,COM-005476,2026-01-29 19:27:01,MOD-003
EVD-000831,CASE-00140,report,REP-002807,2026-01-29 19:27:01,MOD-003
EVD-000832,CASE-00140,report,REP-002806,2026-01-29 19:27:01,MOD-003
EVD-000833,CASE-00140,campaign,CAMP-015,2026-01-29 19:27:01,MOD-003
EVD-000834,CASE-00141,comment,COM-005497,2025-12-15 00:00:00,MOD-005
EVD-000835,CASE-00141,comment,COM-005503,2025-12-15 00:00:00,MOD-005
EVD-000836,CASE-00141,comment,COM-005500,2025-12-15 00:00:00,MOD-005
EVD-000837,CASE-00141,report,REP-002810,2025-12-15 00:00:00,MOD-005
EVD-000838,CASE-00141,report,REP-002813,2025-12-15 00:00:00,MOD-005
EVD-000839,CASE-00141,campaign,CAMP-003,2025-12-15 00:00:00,MOD-005
EVD-000840,CASE-00142,comment,COM-005689,2026-04-12 02:43:20,MOD-002
EVD-000841,CASE-00142,comment,COM-005668,2026-04-12 02:43:20,MOD-002
EVD-000842,CASE-00142,comment,COM-005660,2026-04-12 02:43:20,MOD-002
EVD-000843,CASE-00142,report,REP-002825,2026-04-12 02:43:20,MOD-002
EVD-000844,CASE-00142,report,REP-002827,2026-04-12 02:43:20,MOD-002
EVD-000845,CASE-00142,campaign,CAMP-002,2026-04-12 02:43:20,MOD-002
EVD-000846,CASE-00143,comment,COM-005721,2026-05-01 18:37:13,MOD-004
EVD-000847,CASE-00143,comment,COM-005706,2026-05-01 18:37:13,MOD-004
EVD-000848,CASE-00143,comment,COM-005705,2026-05-01 18:37:13,MOD-004
EVD-000849,CASE-00143,report,REP-002845,2026-05-01 18:37:13,MOD-004
EVD-000850,CASE-00143,report,REP-002843,2026-05-01 18:37:13,MOD-004
EVD-000851,CASE-00143,campaign,CAMP-005,2026-05-01 18:37:13,MOD-004
EVD-000852,CASE-00144,comment,COM-005727,2026-05-24 17:05:20,MOD-001
EVD-000853,CASE-00144,comment,COM-005731,2026-05-24 17:05:20,MOD-001
EVD-000854,CASE-00144,comment,COM-005730,2026-05-24 17:05:20,MOD-001
EVD-000855,CASE-00144,report,REP-002857,2026-05-24 17:05:20,MOD-001
EVD-000856,CASE-00144,report,REP-002859,2026-05-24 17:05:20,MOD-001
EVD-000857,CASE-00144,campaign,CAMP-006,2026-05-24 17:05:20,MOD-001
EVD-000858,CASE-00145,comment,COM-005783,2026-05-30 10:04:19,MOD-008
EVD-000859,CASE-00145,comment,COM-005788,2026-05-30 10:04:19,MOD-008
EVD-000860,CASE-00145,comment,COM-005801,2026-05-30 10:04:19,MOD-008
EVD-000861,CASE-00145,report,REP-002906,2026-05-30 10:04:19,MOD-008
EVD-000862,CASE-00145,report,REP-002904,2026-05-30 10:04:19,MOD-008
EVD-000863,CASE-00145,campaign,CAMP-016,2026-05-30 10:04:19,MOD-008
EVD-000864,CASE-00146,comment,COM-005839,2025-12-27 00:00:00,MOD-008
EVD-000865,CASE-00146,comment,COM-005842,2025-12-27 00:00:00,MOD-008
EVD-000866,CASE-00146,comment,COM-005861,2025-12-27 00:00:00,MOD-008
EVD-000867,CASE-00146,report,REP-002945,2025-12-27 00:00:00,MOD-008
EVD-000868,CASE-00146,report,REP-002947,2025-12-27 00:00:00,MOD-008
EVD-000869,CASE-00146,campaign,CAMP-001,2025-12-27 00:00:00,MOD-008
EVD-000870,CASE-00147,comment,COM-005870,2026-04-19 17:51:04,MOD-007
EVD-000871,CASE-00147,comment,COM-005879,2026-04-19 17:51:04,MOD-007
EVD-000872,CASE-00147,comment,COM-005877,2026-04-19 17:51:04,MOD-007
EVD-000873,CASE-00147,report,REP-002959,2026-04-19 17:51:04,MOD-007
EVD-000874,CASE-00147,report,REP-002961,2026-04-19 17:51:04,MOD-007
EVD-000875,CASE-00147,campaign,CAMP-003,2026-04-19 17:51:04,MOD-007
EVD-000876,CASE-00148,comment,COM-005915,2026-01-27 23:22:02,MOD-003
EVD-000877,CASE-00148,comment,COM-005911,2026-01-27 23:22:02,MOD-003
EVD-000878,CASE-00148,comment,COM-005916,2026-01-27 23:22:02,MOD-003
EVD-000879,CASE-00148,report,REP-002973,2026-01-27 23:22:02,MOD-003
EVD-000880,CASE-00148,report,REP-002974,2026-01-27 23:22:02,MOD-003
EVD-000881,CASE-00148,campaign,CAMP-014,2026-01-27 23:22:02,MOD-003
EVD-000882,CASE-00149,comment,COM-005994,2025-12-16 00:00:00,MOD-002
EVD-000883,CASE-00149,comment,COM-005978,2025-12-16 00:00:00,MOD-002
EVD-000884,CASE-00149,comment,COM-005982,2025-12-16 00:00:00,MOD-002
EVD-000885,CASE-00149,report,REP-002982,2025-12-16 00:00:00,MOD-002
EVD-000886,CASE-00149,report,REP-002981,2025-12-16 00:00:00,MOD-002
EVD-000887,CASE-00149,campaign,CAMP-002,2025-12-16 00:00:00,MOD-002
EVD-000888,CASE-00150,comment,COM-006012,2026-05-07 03:38:10,MOD-003
EVD-000889,CASE-00150,comment,COM-006015,2026-05-07 03:38:10,MOD-003
EVD-000890,CASE-00150,comment,COM-006023,2026-05-07 03:38:10,MOD-003
EVD-000891,CASE-00150,report,REP-002999,2026-05-07 03:38:10,MOD-003
EVD-000892,CASE-00150,report,REP-003000,2026-05-07 03:38:10,MOD-003
EVD-000893,CASE-00150,campaign,CAMP-003,2026-05-07 03:38:10,MOD-003
EVD-000894,CASE-00151,comment,COM-006045,2025-12-05 10:29:46,MOD-004
EVD-000895,CASE-00151,comment,COM-006047,2025-12-05 10:29:46,MOD-004
EVD-000896,CASE-00151,comment,COM-006046,2025-12-05 10:29:46,MOD-004
EVD-000897,CASE-00151,report,REP-003014,2025-12-05 10:29:46,MOD-004
EVD-000898,CASE-00151,report,REP-003015,2025-12-05 10:29:46,MOD-004
EVD-000899,CASE-00151,campaign,CAMP-006,2025-12-05 10:29:46,MOD-004
EVD-000900,CASE-00152,comment,COM-006085,2026-05-02 19:09:02,MOD-008
EVD-000901,CASE-00152,comment,COM-006087,2026-05-02 19:09:02,MOD-008
EVD-000902,CASE-00152,comment,COM-006094,2026-05-02 19:09:02,MOD-008
EVD-000903,CASE-00152,report,REP-003049,2026-05-02 19:09:02,MOD-008
EVD-000904,CASE-00152,report,REP-003050,2026-05-02 19:09:02,MOD-008
EVD-000905,CASE-00152,campaign,CAMP-014,2026-05-02 19:09:02,MOD-008
EVD-000906,CASE-00153,comment,COM-006129,2026-03-04 12:22:26,MOD-008
EVD-000907,CASE-00153,comment,COM-006119,2026-03-04 12:22:26,MOD-008
EVD-000908,CASE-00153,comment,COM-006121,2026-03-04 12:22:26,MOD-008
EVD-000909,CASE-00153,report,REP-003053,2026-03-04 12:22:26,MOD-008
EVD-000910,CASE-00153,report,REP-003054,2026-03-04 12:22:26,MOD-008
EVD-000911,CASE-00153,campaign,CAMP-014,2026-03-04 12:22:26,MOD-008
EVD-000912,CASE-00154,comment,COM-006170,2026-01-03 03:31:15,MOD-008
EVD-000913,CASE-00154,comment,COM-006182,2026-01-03 03:31:15,MOD-008
EVD-000914,CASE-00154,comment,COM-006171,2026-01-03 03:31:15,MOD-008
EVD-000915,CASE-00154,report,REP-003063,2026-01-03 03:31:15,MOD-008
EVD-000916,CASE-00154,report,REP-003061,2026-01-03 03:31:15,MOD-008
EVD-000917,CASE-00154,campaign,CAMP-002,2026-01-03 03:31:15,MOD-008
EVD-000918,CASE-00155,comment,COM-006203,2026-04-26 11:46:20,MOD-005
EVD-000919,CASE-00155,comment,COM-006195,2026-04-26 11:46:20,MOD-005
EVD-000920,CASE-00155,comment,COM-006199,2026-04-26 11:46:20,MOD-005
EVD-000921,CASE-00155,report,REP-003078,2026-04-26 11:46:20,MOD-005
EVD-000922,CASE-00155,report,REP-003079,2026-04-26 11:46:20,MOD-005
EVD-000923,CASE-00155,campaign,CAMP-009,2026-04-26 11:46:20,MOD-005
EVD-000924,CASE-00156,comment,COM-006232,2026-04-25 11:30:14,MOD-008
EVD-000925,CASE-00156,comment,COM-006225,2026-04-25 11:30:14,MOD-008
EVD-000926,CASE-00156,comment,COM-006235,2026-04-25 11:30:14,MOD-008
EVD-000927,CASE-00156,report,REP-003102,2026-04-25 11:30:14,MOD-008
EVD-000928,CASE-00156,report,REP-003103,2026-04-25 11:30:14,MOD-008
EVD-000929,CASE-00156,campaign,CAMP-016,2026-04-25 11:30:14,MOD-008
EVD-000930,CASE-00157,comment,COM-006262,2026-05-23 16:32:57,MOD-005
EVD-000931,CASE-00157,comment,COM-006272,2026-05-23 16:32:57,MOD-005
EVD-000932,CASE-00157,comment,COM-006258,2026-05-23 16:32:57,MOD-005
EVD-000933,CASE-00157,report,REP-003120,2026-05-23 16:32:57,MOD-005
EVD-000934,CASE-00157,report,REP-003122,2026-05-23 16:32:57,MOD-005
EVD-000935,CASE-00157,campaign,CAMP-004,2026-05-23 16:32:57,MOD-005
EVD-000936,CASE-00158,comment,COM-006349,2026-02-09 00:00:00,MOD-005
EVD-000937,CASE-00158,comment,COM-006305,2026-02-09 00:00:00,MOD-005
EVD-000938,CASE-00158,comment,COM-006303,2026-02-09 00:00:00,MOD-005
EVD-000939,CASE-00158,report,REP-003139,2026-02-09 00:00:00,MOD-005
EVD-000940,CASE-00158,report,REP-003136,2026-02-09 00:00:00,MOD-005
EVD-000941,CASE-00158,campaign,CAMP-006,2026-02-09 00:00:00,MOD-005
EVD-000942,CASE-00159,comment,COM-006350,2026-05-04 09:33:11,MOD-006
EVD-000943,CASE-00159,comment,COM-006351,2026-05-04 09:33:11,MOD-006
EVD-000944,CASE-00159,comment,COM-006352,2026-05-04 09:33:11,MOD-006
EVD-000945,CASE-00159,report,REP-003193,2026-05-04 09:33:11,MOD-006
EVD-000946,CASE-00159,report,REP-003192,2026-05-04 09:33:11,MOD-006
EVD-000947,CASE-00159,campaign,CAMP-006,2026-05-04 09:33:11,MOD-006
EVD-000948,CASE-00160,comment,COM-006399,2026-03-12 00:00:00,MOD-003
EVD-000949,CASE-00160,comment,COM-006397,2026-03-12 00:00:00,MOD-003
EVD-000950,CASE-00160,comment,COM-006400,2026-03-12 00:00:00,MOD-003
EVD-000951,CASE-00160,report,REP-003225,2026-03-12 00:00:00,MOD-003
EVD-000952,CASE-00160,campaign,CAMP-015,2026-03-12 00:00:00,MOD-003
EVD-000953,CASE-00161,comment,COM-006413,2026-05-22 18:24:42,MOD-007
EVD-000954,CASE-00161,comment,COM-006419,2026-05-22 18:24:42,MOD-007
EVD-000955,CASE-00161,comment,COM-006416,2026-05-22 18:24:42,MOD-007
EVD-000956,CASE-00161,report,REP-003227,2026-05-22 18:24:42,MOD-007
EVD-000957,CASE-00161,report,REP-003226,2026-05-22 18:24:42,MOD-007
EVD-000958,CASE-00161,campaign,CAMP-007,2026-05-22 18:24:42,MOD-007
EVD-000959,CASE-00162,comment,COM-006465,2026-03-21 22:00:37,MOD-004
EVD-000960,CASE-00162,comment,COM-006488,2026-03-21 22:00:37,MOD-004
EVD-000961,CASE-00162,comment,COM-006480,2026-03-21 22:00:37,MOD-004
EVD-000962,CASE-00162,report,REP-003254,2026-03-21 22:00:37,MOD-004
EVD-000963,CASE-00162,report,REP-003256,2026-03-21 22:00:37,MOD-004
EVD-000964,CASE-00162,campaign,CAMP-001,2026-03-21 22:00:37,MOD-004
EVD-000965,CASE-00163,comment,COM-006503,2026-05-18 23:39:59,MOD-006
EVD-000966,CASE-00163,comment,COM-006501,2026-05-18 23:39:59,MOD-006
EVD-000967,CASE-00163,comment,COM-006496,2026-05-18 23:39:59,MOD-006
EVD-000968,CASE-00163,report,REP-003265,2026-05-18 23:39:59,MOD-006
EVD-000969,CASE-00163,campaign,CAMP-014,2026-05-18 23:39:59,MOD-006
EVD-000970,CASE-00164,comment,COM-006535,2026-01-17 04:44:46,MOD-001
EVD-000971,CASE-00164,comment,COM-006529,2026-01-17 04:44:46,MOD-001
EVD-000972,CASE-00164,comment,COM-006533,2026-01-17 04:44:46,MOD-001
EVD-000973,CASE-00164,report,REP-003266,2026-01-17 04:44:46,MOD-001
EVD-000974,CASE-00164,report,REP-003267,2026-01-17 04:44:46,MOD-001
EVD-000975,CASE-00164,campaign,CAMP-006,2026-01-17 04:44:46,MOD-001
EVD-000976,CASE-00165,comment,COM-006578,2026-04-13 15:57:22,MOD-001
EVD-000977,CASE-00165,comment,COM-006584,2026-04-13 15:57:22,MOD-001
EVD-000978,CASE-00165,comment,COM-006581,2026-04-13 15:57:22,MOD-001
EVD-000979,CASE-00165,report,REP-003299,2026-04-13 15:57:22,MOD-001
EVD-000980,CASE-00165,report,REP-003303,2026-04-13 15:57:22,MOD-001
EVD-000981,CASE-00165,campaign,CAMP-005,2026-04-13 15:57:22,MOD-001
EVD-000982,CASE-00166,comment,COM-006603,2026-01-08 10:10:54,MOD-001
EVD-000983,CASE-00166,comment,COM-006598,2026-01-08 10:10:54,MOD-001
EVD-000984,CASE-00166,comment,COM-006600,2026-01-08 10:10:54,MOD-001
EVD-000985,CASE-00166,report,REP-003306,2026-01-08 10:10:54,MOD-001
EVD-000986,CASE-00166,report,REP-003305,2026-01-08 10:10:54,MOD-001
EVD-000987,CASE-00166,campaign,CAMP-011,2026-01-08 10:10:54,MOD-001
EVD-000988,CASE-00167,comment,COM-006613,2026-04-10 06:50:42,MOD-007
EVD-000989,CASE-00167,comment,COM-006618,2026-04-10 06:50:42,MOD-007
EVD-000990,CASE-00167,comment,COM-006619,2026-04-10 06:50:42,MOD-007
EVD-000991,CASE-00167,report,REP-003312,2026-04-10 06:50:42,MOD-007
EVD-000992,CASE-00167,report,REP-003314,2026-04-10 06:50:42,MOD-007
EVD-000993,CASE-00167,campaign,CAMP-007,2026-04-10 06:50:42,MOD-007
EVD-000994,CASE-00168,comment,COM-006677,2026-05-10 20:40:08,MOD-008
EVD-000995,CASE-00168,comment,COM-006675,2026-05-10 20:40:08,MOD-008
EVD-000996,CASE-00168,comment,COM-006678,2026-05-10 20:40:08,MOD-008
EVD-000997,CASE-00168,report,REP-003346,2026-05-10 20:40:08,MOD-008
EVD-000998,CASE-00168,report,REP-003348,2026-05-10 20:40:08,MOD-008
EVD-000999,CASE-00168,campaign,CAMP-011,2026-05-10 20:40:08,MOD-008
EVD-001000,CASE-00169,comment,COM-006718,2026-04-29 22:51:09,MOD-007
EVD-001001,CASE-00169,comment,COM-006717,2026-04-29 22:51:09,MOD-007
EVD-001002,CASE-00169,comment,COM-006735,2026-04-29 22:51:09,MOD-007
EVD-001003,CASE-00169,report,REP-003363,2026-04-29 22:51:09,MOD-007
EVD-001004,CASE-00169,report,REP-003364,2026-04-29 22:51:09,MOD-007
EVD-001005,CASE-00169,campaign,CAMP-011,2026-04-29 22:51:09,MOD-007
EVD-001006,CASE-00170,comment,COM-006760,2026-01-28 00:00:00,MOD-007
EVD-001007,CASE-00170,comment,COM-006755,2026-01-28 00:00:00,MOD-007
EVD-001008,CASE-00170,comment,COM-006758,2026-01-28 00:00:00,MOD-007
EVD-001009,CASE-00170,report,REP-003390,2026-01-28 00:00:00,MOD-007
EVD-001010,CASE-00170,report,REP-003392,2026-01-28 00:00:00,MOD-007
EVD-001011,CASE-00170,campaign,CAMP-004,2026-01-28 00:00:00,MOD-007
EVD-001012,CASE-00171,comment,COM-006782,2026-03-14 03:37:11,MOD-003
EVD-001013,CASE-00171,comment,COM-006779,2026-03-14 03:37:11,MOD-003
EVD-001014,CASE-00171,comment,COM-006785,2026-03-14 03:37:11,MOD-003
EVD-001015,CASE-00171,report,REP-003396,2026-03-14 03:37:11,MOD-003
EVD-001016,CASE-00171,report,REP-003399,2026-03-14 03:37:11,MOD-003
EVD-001017,CASE-00171,campaign,CAMP-010,2026-03-14 03:37:11,MOD-003
EVD-001018,CASE-00172,comment,COM-006805,2026-04-11 19:44:50,MOD-001
EVD-001019,CASE-00172,comment,COM-006810,2026-04-11 19:44:50,MOD-001
EVD-001020,CASE-00172,comment,COM-006820,2026-04-11 19:44:50,MOD-001
EVD-001021,CASE-00172,report,REP-003403,2026-04-11 19:44:50,MOD-001
EVD-001022,CASE-00172,report,REP-003404,2026-04-11 19:44:50,MOD-001
EVD-001023,CASE-00172,campaign,CAMP-014,2026-04-11 19:44:50,MOD-001
EVD-001024,CASE-00173,comment,COM-000012,2026-02-21 00:00:00,MOD-007
EVD-001025,CASE-00173,comment,COM-000008,2026-02-21 00:00:00,MOD-007
EVD-001026,CASE-00173,comment,COM-000007,2026-02-21 00:00:00,MOD-007
EVD-001027,CASE-00173,report,REP-000001,2026-02-21 00:00:00,MOD-007
EVD-001028,CASE-00174,comment,COM-001278,2026-04-29 06:58:10,MOD-005
EVD-001029,CASE-00174,comment,COM-001279,2026-04-29 06:58:10,MOD-005
EVD-001030,CASE-00174,comment,COM-001280,2026-04-29 06:58:10,MOD-005
EVD-001031,CASE-00174,report,REP-000631,2026-04-29 06:58:10,MOD-005
EVD-001032,CASE-00175,comment,COM-000967,2026-04-17 20:54:05,MOD-008
EVD-001033,CASE-00175,comment,COM-000968,2026-04-17 20:54:05,MOD-008
EVD-001034,CASE-00175,report,REP-000499,2026-04-17 20:54:05,MOD-008
EVD-001035,CASE-00176,comment,COM-000453,2026-04-12 08:41:02,MOD-005
EVD-001036,CASE-00176,comment,COM-000454,2026-04-12 08:41:02,MOD-005
EVD-001037,CASE-00176,comment,COM-000455,2026-04-12 08:41:02,MOD-005
EVD-001038,CASE-00176,report,REP-000252,2026-04-12 08:41:02,MOD-005
EVD-001039,CASE-00177,comment,COM-002741,2026-04-10 12:39:01,MOD-008
EVD-001040,CASE-00177,comment,COM-002742,2026-04-10 12:39:01,MOD-008
EVD-001041,CASE-00177,comment,COM-002743,2026-04-10 12:39:01,MOD-008
EVD-001042,CASE-00177,report,REP-001333,2026-04-10 12:39:01,MOD-008
EVD-001043,CASE-00178,comment,COM-001712,2026-05-28 00:00:00,MOD-004
EVD-001044,CASE-00178,comment,COM-001713,2026-05-28 00:00:00,MOD-004
EVD-001045,CASE-00178,comment,COM-001714,2026-05-28 00:00:00,MOD-004
EVD-001046,CASE-00178,report,REP-000834,2026-05-28 00:00:00,MOD-004
EVD-001047,CASE-00179,comment,COM-001139,2025-12-17 00:00:00,MOD-001
EVD-001048,CASE-00179,comment,COM-001142,2025-12-17 00:00:00,MOD-001
EVD-001049,CASE-00179,comment,COM-001137,2025-12-17 00:00:00,MOD-001
EVD-001050,CASE-00179,report,REP-000593,2025-12-17 00:00:00,MOD-001
EVD-001051,CASE-00180,comment,COM-002080,2026-05-31 01:07:35,MOD-001
EVD-001052,CASE-00180,comment,COM-002073,2026-05-31 01:07:35,MOD-001
EVD-001053,CASE-00180,comment,COM-002075,2026-05-31 01:07:35,MOD-001
EVD-001054,CASE-00180,report,REP-001034,2026-05-31 01:07:35,MOD-001
