signal_id,account_id,computed_at,account_age_signal,report_volume_signal,device_reuse_signal,ip_region_signal,toxicity_signal,final_risk
SIG-000001,ACC-000001,2026-06-01T00:00:00,0.0472,0.0,0.0,0.35,0.0,0.0421
SIG-000002,ACC-000002,2026-06-01T00:00:00,0.5381,0.0,0.0,0.5357,0.0,0.1343
SIG-000003,ACC-000003,2026-06-01T00:00:00,0.9002,0.0133,0.0,0.35,0.0,0.174
SIG-000004,ACC-000004,2026-06-01T00:00:00,0.4953,0.0,0.0,0.45,0.0,0.1193
SIG-000005,ACC-000005,2026-06-01T00:00:00,0.9978,0.1867,0.0,0.3571,0.2051,0.2824
SIG-000006,ACC-000006,2026-06-01T00:00:00,0.1168,0.0,0.0,0.4429,0.3333,0.1285
SIG-000007,ACC-000007,2026-06-01T00:00:00,0.7148,0.12,0.0,0.4286,0.1538,0.2168
SIG-000008,ACC-000008,2026-06-01T00:00:00,0.774,0.0,0.0,0.4429,0.0,0.1604
SIG-000009,ACC-000009,2026-06-01T00:00:00,0.0965,0.0,0.0,0.5786,0.0,0.0723
SIG-000010,ACC-000010,2026-06-01T00:00:00,0.3708,0.0,0.0,0.3571,0.0,0.0913
SIG-000011,ACC-000011,2026-06-01T00:00:00,0.2282,0.0,0.0,0.35,0.0,0.0692
SIG-000012,ACC-000012,2026-06-01T00:00:00,0.0143,0.0,0.0,0.3786,0.0,0.04
SIG-000013,ACC-000013,2026-06-01T00:00:00,0.8985,0.0,0.0,0.5786,0.0,0.1926
SIG-000014,ACC-000014,2026-06-01T00:00:00,0.1602,0.0,0.0,0.4429,0.2,0.1083
SIG-000015,ACC-000015,2026-06-01T00:00:00,0.5283,0.0,0.0,0.35,0.0,0.1142
SIG-000016,ACC-000016,2026-06-01T00:00:00,0.6895,0.0,0.0,0.3571,0.1429,0.1677
SIG-000017,ACC-000017,2026-06-01T00:00:00,0.8524,0.0,0.0,0.3857,0.0,0.1664
SIG-000018,ACC-000018,2026-06-01T00:00:00,0.4679,0.0,0.0,0.4286,0.125,0.138
SIG-000019,ACC-000019,2026-06-01T00:00:00,0.9951,0.6,0.5,0.0714,0.2353,0.5085
SIG-000020,ACC-000020,2026-06-01T00:00:00,0.09,0.0,0.0,0.4286,0.0,0.0564
SIG-000021,ACC-000021,2026-06-01T00:00:00,0.9995,0.7333,0.25,0.0714,0.0217,0.4439
SIG-000022,ACC-000022,2026-06-01T00:00:00,0.8113,0.0,0.0,0.3857,0.0,0.1603
SIG-000023,ACC-000023,2026-06-01T00:00:00,0.0483,0.0,0.0,0.4429,0.0,0.0515
SIG-000024,ACC-000024,2026-06-01T00:00:00,0.1327,0.0,0.0,0.5786,0.0,0.0778
SIG-000025,ACC-000025,2026-06-01T00:00:00,0.9984,0.0267,0.25,0.6429,0.0588,0.2963
SIG-000026,ACC-000026,2026-06-01T00:00:00,0.0071,0.0,0.0,0.3786,0.0,0.0389
SIG-000027,ACC-000027,2026-06-01T00:00:00,0.627,0.0,0.0,0.35,0.0,0.129
SIG-000028,ACC-000028,2026-06-01T00:00:00,0.7104,0.0,0.0,0.4286,0.0,0.1494
SIG-000029,ACC-000029,2026-06-01T00:00:00,0.9945,0.4,0.5,1.0,0.0,0.4942
SIG-000030,ACC-000030,2026-06-01T00:00:00,0.3851,0.0,0.0,0.5786,0.0,0.1156
SIG-000031,ACC-000031,2026-06-01T00:00:00,0.9978,0.44,0.25,0.5,0.15,0.4242
SIG-000032,ACC-000032,2026-06-01T00:00:00,0.9775,0.32,0.0,0.5,0.3556,0.3637
SIG-000033,ACC-000033,2026-06-01T00:00:00,0.4696,0.0,0.0,0.4429,0.0,0.1147
SIG-000034,ACC-000034,2026-06-01T00:00:00,0.9901,0.0267,0.5,0.1429,0.0,0.2958
SIG-000035,ACC-000035,2026-06-01T00:00:00,0.593,0.0,0.0,0.3786,0.0,0.1268
SIG-000036,ACC-000036,2026-06-01T00:00:00,0.5798,0.0,0.0,0.3571,0.0,0.1227
SIG-000037,ACC-000037,2026-06-01T00:00:00,0.9984,0.48,0.25,0.1429,0.0345,0.3774
SIG-000038,ACC-000038,2026-06-01T00:00:00,0.1755,0.0133,0.0,0.3786,0.0,0.0682
SIG-000039,ACC-000039,2026-06-01T00:00:00,0.5738,0.2133,0.5,1.0,0.2632,0.4277
SIG-000040,ACC-000040,2026-06-01T00:00:00,0.6758,0.0,0.0,0.4286,0.0,0.1442
SIG-000041,ACC-000041,2026-06-01T00:00:00,0.717,0.0,0.0,0.5786,0.1667,0.1987
SIG-000042,ACC-000042,2026-06-01T00:00:00,0.5211,0.0,0.0,0.5357,0.0,0.1317
SIG-000043,ACC-000043,2026-06-01T00:00:00,0.6478,0.0,0.0,0.3786,0.0,0.135
SIG-000044,ACC-000044,2026-06-01T00:00:00,0.6045,0.0,0.0,0.35,0.0,0.1257
SIG-000045,ACC-000045,2026-06-01T00:00:00,0.1465,0.0,0.0,0.5786,0.0,0.0798
SIG-000046,ACC-000046,2026-06-01T00:00:00,0.78,0.0,0.0,0.3571,0.0,0.1527
SIG-000047,ACC-000047,2026-06-01T00:00:00,0.271,0.0,0.0,0.3857,0.0,0.0792
SIG-000048,ACC-000048,2026-06-01T00:00:00,0.3801,0.0,0.0,0.5786,0.0,0.1149
SIG-000049,ACC-000049,2026-06-01T00:00:00,0.8596,0.0,0.0,0.5786,0.0,0.1868
SIG-000050,ACC-000050,2026-06-01T00:00:00,0.2979,0.0,0.0,0.4286,0.0,0.0875
SIG-000051,ACC-000051,2026-06-01T00:00:00,0.0669,0.0,0.0,0.35,0.0,0.045
SIG-000052,ACC-000052,2026-06-01T00:00:00,0.4355,0.0,0.0,0.5357,0.1429,0.1475
SIG-000053,ACC-000053,2026-06-01T00:00:00,0.5875,0.0,0.0,0.3786,0.0,0.126
SIG-000054,ACC-000054,2026-06-01T00:00:00,0.9962,0.2133,0.5,0.7143,0.1471,0.4393
SIG-000055,ACC-000055,2026-06-01T00:00:00,0.4986,0.0,0.0,0.3786,0.0,0.1126
SIG-000056,ACC-000056,2026-06-01T00:00:00,0.3906,0.0,0.0,0.5357,0.0,0.1122
SIG-000057,ACC-000057,2026-06-01T00:00:00,0.8777,0.0,0.0,0.3786,0.0,0.1695
SIG-000058,ACC-000058,2026-06-01T00:00:00,0.972,0.3333,0.5,0.6429,0.15,0.4651
SIG-000059,ACC-000059,2026-06-01T00:00:00,0.6396,0.0,0.0,0.3857,0.0,0.1345
SIG-000060,ACC-000060,2026-06-01T00:00:00,0.5902,0.0,0.0,0.4286,0.0,0.1314
SIG-000061,ACC-000061,2026-06-01T00:00:00,0.6764,0.44,0.75,0.8571,0.1923,0.5451
SIG-000062,ACC-000062,2026-06-01T00:00:00,0.5376,0.0,0.0,0.3786,0.0,0.1185
SIG-000063,ACC-000063,2026-06-01T00:00:00,0.4284,0.0,0.0,0.35,0.0,0.0993
SIG-000064,ACC-000064,2026-06-01T00:00:00,0.0274,0.0,0.0,0.3857,0.0,0.0427
SIG-000065,ACC-000065,2026-06-01T00:00:00,0.9984,0.8133,0.25,1.0,0.0385,0.564
SIG-000066,ACC-000066,2026-06-01T00:00:00,0.989,0.4,0.25,0.6429,0.175,0.4301
SIG-000067,ACC-000067,2026-06-01T00:00:00,0.4504,0.0,0.0,0.3786,0.0,0.1054
SIG-000068,ACC-000068,2026-06-01T00:00:00,0.819,0.0,0.0,0.5357,0.0,0.1764
SIG-000069,ACC-000069,2026-06-01T00:00:00,0.5924,0.0,0.0,0.45,0.1667,0.1672
SIG-000070,ACC-000070,2026-06-01T00:00:00,0.5705,0.0,0.0,0.4429,0.0,0.1299
SIG-000071,ACC-000071,2026-06-01T00:00:00,0.1662,0.0,0.0,0.35,0.0,0.0599
SIG-000072,ACC-000072,2026-06-01T00:00:00,0.9929,0.04,0.5,0.6429,0.0,0.3502
SIG-000073,ACC-000073,2026-06-01T00:00:00,0.6325,0.1333,0.5,1.0,0.3043,0.4207
SIG-000074,ACC-000074,2026-06-01T00:00:00,0.7992,0.0,0.0,0.5357,0.0,0.1735
SIG-000075,ACC-000075,2026-06-01T00:00:00,0.4827,0.0,0.0,0.4286,0.5,0.2153
SIG-000076,ACC-000076,2026-06-01T00:00:00,0.531,0.0,0.0,0.5357,0.0,0.1332
SIG-000077,ACC-000077,2026-06-01T00:00:00,0.9929,0.2667,0.75,0.2143,0.16,0.4699
SIG-000078,ACC-000078,2026-06-01T00:00:00,0.2523,0.0,0.0,0.35,0.0,0.0728
SIG-000079,ACC-000079,2026-06-01T00:00:00,0.78,0.0,0.0,0.3857,0.0,0.1556
SIG-000080,ACC-000080,2026-06-01T00:00:00,0.6473,0.0,0.0,0.3786,0.0,0.135
SIG-000081,ACC-000081,2026-06-01T00:00:00,0.1223,0.0,0.0,0.5786,0.0,0.0762
SIG-000082,ACC-000082,2026-06-01T00:00:00,0.5546,0.0,0.0,0.3857,0.0,0.1218
SIG-000083,ACC-000083,2026-06-01T00:00:00,0.2655,0.0,0.0,0.3786,0.0,0.0777
SIG-000084,ACC-000084,2026-06-01T00:00:00,0.9495,0.1333,0.5,0.0714,0.4167,0.3979
SIG-000085,ACC-000085,2026-06-01T00:00:00,0.486,0.0,0.0,0.5786,0.0,0.1308
SIG-000086,ACC-000086,2026-06-01T00:00:00,0.8064,0.0,0.0,0.3786,0.0,0.1588
SIG-000087,ACC-000087,2026-06-01T00:00:00,0.0428,0.2933,0.75,0.8571,0.1481,0.3973
SIG-000088,ACC-000088,2026-06-01T00:00:00,0.5946,0.0,0.0,0.3571,0.0,0.1249
SIG-000089,ACC-000089,2026-06-01T00:00:00,0.1399,0.0133,0.0,0.45,0.0,0.07
SIG-000090,ACC-000090,2026-06-01T00:00:00,0.6539,0.0,0.0,0.3786,0.0,0.1359
SIG-000091,ACC-000091,2026-06-01T00:00:00,0.6643,0.0,0.0,0.4286,0.0,0.1425
SIG-000092,ACC-000092,2026-06-01T00:00:00,0.3428,0.0,0.0,0.3786,0.0,0.0893
SIG-000093,ACC-000093,2026-06-01T00:00:00,0.9918,0.0533,0.5,0.6429,0.2,0.3941
SIG-000094,ACC-000094,2026-06-01T00:00:00,0.814,0.0,0.0,0.3857,0.0,0.1607
SIG-000095,ACC-000095,2026-06-01T00:00:00,0.4323,0.0,0.0,0.5786,0.0,0.1227
SIG-000096,ACC-000096,2026-06-01T00:00:00,0.7087,0.0,0.0,0.45,0.0,0.1513
SIG-000097,ACC-000097,2026-06-01T00:00:00,0.701,0.6267,0.5,0.0714,0.2128,0.4678
SIG-000098,ACC-000098,2026-06-01T00:00:00,0.4569,0.0,0.0,0.5786,0.0,0.1264
SIG-000099,ACC-000099,2026-06-01T00:00:00,0.9989,0.0933,0.5,0.6429,0.05,0.3771
SIG-000100,ACC-000100,2026-06-01T00:00:00,0.5913,0.3333,0.5,0.0714,0.3077,0.3824
SIG-000101,ACC-000101,2026-06-01T00:00:00,0.7065,0.0,0.0,0.45,0.0,0.151
SIG-000102,ACC-000102,2026-06-01T00:00:00,0.9934,0.1333,1.0,0.3571,0.3158,0.5379
SIG-000103,ACC-000103,2026-06-01T00:00:00,0.1794,0.0133,0.0,0.45,0.125,0.1009
SIG-000104,ACC-000104,2026-06-01T00:00:00,0.7318,0.0,0.0,0.4429,0.0,0.1541
SIG-000105,ACC-000105,2026-06-01T00:00:00,0.0071,0.0,0.0,0.5786,0.0,0.0589
SIG-000106,ACC-000106,2026-06-01T00:00:00,0.3829,0.0,0.0,0.4429,0.0,0.1017
SIG-000107,ACC-000107,2026-06-01T00:00:00,0.8151,0.0,0.0,0.5357,0.0,0.1758
SIG-000108,ACC-000108,2026-06-01T00:00:00,0.0121,0.0,0.0,0.3786,0.0,0.0397
SIG-000109,ACC-000109,2026-06-01T00:00:00,0.6901,0.0,0.0,0.3857,0.0,0.1421
SIG-000110,ACC-000110,2026-06-01T00:00:00,0.9995,0.0267,0.75,0.6429,0.0345,0.4166
SIG-000111,ACC-000111,2026-06-01T00:00:00,0.7899,0.12,0.5,0.4286,0.4,0.4023
SIG-000112,ACC-000112,2026-06-01T00:00:00,0.2167,0.0,0.0,0.4286,0.0,0.0754
SIG-000113,ACC-000113,2026-06-01T00:00:00,0.4421,0.0,0.0,0.3857,0.0,0.1049
SIG-000114,ACC-000114,2026-06-01T00:00:00,0.8278,0.0,0.0,0.3857,1.0,0.3627
SIG-000115,ACC-000115,2026-06-01T00:00:00,0.9956,0.16,0.75,0.1429,0.2,0.4391
SIG-000116,ACC-000116,2026-06-01T00:00:00,0.825,0.1867,0.75,1.0,0.2143,0.5101
SIG-000117,ACC-000117,2026-06-01T00:00:00,0.8064,0.0,0.0,0.5786,0.0,0.1788
SIG-000118,ACC-000118,2026-06-01T00:00:00,0.7581,0.0,0.0,0.35,0.0,0.1487
SIG-000119,ACC-000119,2026-06-01T00:00:00,0.4948,0.0,0.0,0.3786,0.0,0.1121
SIG-000120,ACC-000120,2026-06-01T00:00:00,0.5178,0.0133,0.0,0.4429,0.0,0.126
SIG-000121,ACC-000121,2026-06-01T00:00:00,0.9973,0.0667,0.5,0.0714,0.1905,0.3398
SIG-000122,ACC-000122,2026-06-01T00:00:00,0.2074,0.0,0.0,0.4286,0.0,0.074
SIG-000123,ACC-000123,2026-06-01T00:00:00,0.9704,0.0933,1.0,0.5,0.4118,0.5559
SIG-000124,ACC-000124,2026-06-01T00:00:00,0.4026,0.0,0.0,0.45,0.0,0.1054
SIG-000125,ACC-000125,2026-06-01T00:00:00,0.6385,0.0,0.0,0.35,0.2,0.1708
SIG-000126,ACC-000126,2026-06-01T00:00:00,0.3747,0.0,0.0,0.3571,0.0,0.0919
SIG-000127,ACC-000127,2026-06-01T00:00:00,0.4065,0.0,0.0,0.4429,0.1667,0.1386
SIG-000128,ACC-000128,2026-06-01T00:00:00,0.9912,0.2933,0.5,0.0714,0.0833,0.3855
SIG-000129,ACC-000129,2026-06-01T00:00:00,0.9254,0.6667,0.25,0.0714,0.2571,0.4599
SIG-000130,ACC-000130,2026-06-01T00:00:00,0.9995,0.4133,0.5,1.0,0.0385,0.5066
SIG-000131,ACC-000131,2026-06-01T00:00:00,0.7361,0.0,0.0,0.3786,0.0,0.1483
SIG-000132,ACC-000132,2026-06-01T00:00:00,0.395,0.0,0.0,0.3857,0.0,0.0978
SIG-000133,ACC-000133,2026-06-01T00:00:00,0.5639,0.1067,0.5,1.0,0.4,0.4216
SIG-000134,ACC-000134,2026-06-01T00:00:00,0.9841,0.0,0.5,0.0714,0.1667,0.3131
SIG-000135,ACC-000135,2026-06-01T00:00:00,0.3708,0.0,0.0,0.4286,0.0,0.0985
SIG-000136,ACC-000136,2026-06-01T00:00:00,0.8124,0.0,0.0,0.3786,0.0,0.1597
SIG-000137,ACC-000137,2026-06-01T00:00:00,0.0845,0.0,0.0,0.45,0.0,0.0577
SIG-000138,ACC-000138,2026-06-01T00:00:00,0.9912,0.1867,0.5,0.6429,0.0968,0.4133
SIG-000139,ACC-000139,2026-06-01T00:00:00,0.9835,0.0667,0.5,0.5,0.3182,0.4062
SIG-000140,ACC-000140,2026-06-01T00:00:00,0.3225,0.0,0.0,0.45,0.0,0.0934
SIG-000141,ACC-000141,2026-06-01T00:00:00,0.8996,0.0,0.0,0.45,0.0,0.1799
SIG-000142,ACC-000142,2026-06-01T00:00:00,0.1552,0.0,0.0,0.5357,0.0,0.0769
SIG-000143,ACC-000143,2026-06-01T00:00:00,0.3313,0.0,0.0,0.35,0.0,0.0847
SIG-000144,ACC-000144,2026-06-01T00:00:00,0.9347,0.3067,0.5,0.0714,0.1852,0.4014
SIG-000145,ACC-000145,2026-06-01T00:00:00,0.6308,0.0,0.0,0.5357,0.0,0.1482
SIG-000146,ACC-000146,2026-06-01T00:00:00,0.5211,0.0,0.0,0.4286,0.0,0.121
SIG-000147,ACC-000147,2026-06-01T00:00:00,0.6967,0.0,0.0,0.4286,0.125,0.1724
SIG-000148,ACC-000148,2026-06-01T00:00:00,0.9984,0.0667,0.75,0.6429,0.3529,0.4921
SIG-000149,ACC-000149,2026-06-01T00:00:00,0.5529,0.0,0.0,0.35,0.0,0.1179
SIG-000150,ACC-000150,2026-06-01T00:00:00,0.6171,0.0,0.0,0.3786,0.1429,0.159
SIG-000151,ACC-000151,2026-06-01T00:00:00,0.7466,0.4267,0.5,0.8571,0.2667,0.504
SIG-000152,ACC-000152,2026-06-01T00:00:00,0.4076,0.0,0.0,0.3786,0.0,0.099
SIG-000153,ACC-000153,2026-06-01T00:00:00,0.3428,0.0,0.0,0.3857,0.0,0.09
SIG-000154,ACC-000154,2026-06-01T00:00:00,0.8129,0.0,0.0,0.3786,0.0,0.1598
SIG-000155,ACC-000155,2026-06-01T00:00:00,0.8118,0.0,0.0,0.3857,0.0,0.1603
SIG-000156,ACC-000156,2026-06-01T00:00:00,0.4229,0.0,0.0,0.4286,0.0,0.1063
SIG-000157,ACC-000157,2026-06-01T00:00:00,0.5052,0.0,0.0,0.45,0.0,0.1208
SIG-000158,ACC-000158,2026-06-01T00:00:00,0.8371,0.0133,0.0,0.5357,0.0,0.1831
SIG-000159,ACC-000159,2026-06-01T00:00:00,0.1382,0.0,0.0,0.4286,0.0,0.0636
SIG-000160,ACC-000160,2026-06-01T00:00:00,0.0236,0.0,0.0,0.4429,0.0,0.0478
SIG-000161,ACC-000161,2026-06-01T00:00:00,0.1766,0.0,0.0,0.3857,0.0,0.0651
SIG-000162,ACC-000162,2026-06-01T00:00:00,0.2216,0.0,0.0,0.4286,0.0,0.0761
SIG-000163,ACC-000163,2026-06-01T00:00:00,0.0444,0.0,0.0,0.5357,0.0,0.0602
SIG-000164,ACC-000164,2026-06-01T00:00:00,0.9945,0.16,0.5,0.7143,0.1333,0.4203
SIG-000165,ACC-000165,2026-06-01T00:00:00,0.4021,0.0533,0.25,0.0714,0.3077,0.2075
SIG-000166,ACC-000166,2026-06-01T00:00:00,0.6604,0.0,0.0,0.45,0.0,0.1441
SIG-000167,ACC-000167,2026-06-01T00:00:00,0.6769,0.0,0.0,0.5357,0.0,0.1551
SIG-000168,ACC-000168,2026-06-01T00:00:00,0.1004,0.0,0.0,0.4429,0.0,0.0593
SIG-000169,ACC-000169,2026-06-01T00:00:00,0.5425,0.0,0.0,0.3857,0.0,0.1199
SIG-000170,ACC-000170,2026-06-01T00:00:00,0.5645,0.0,0.0,0.4286,0.0,0.1275
SIG-000171,ACC-000171,2026-06-01T00:00:00,0.9973,0.4533,0.5,0.7143,0.0294,0.4879
SIG-000172,ACC-000172,2026-06-01T00:00:00,0.6358,0.0,0.0,0.4429,0.0,0.1397
SIG-000173,ACC-000173,2026-06-01T00:00:00,0.3763,0.0,0.0,0.35,0.0,0.0914
SIG-000174,ACC-000174,2026-06-01T00:00:00,0.989,0.0933,0.75,0.0714,0.2632,0.4236
SIG-000175,ACC-000175,2026-06-01T00:00:00,0.9951,0.7333,0.75,1.0,0.0,0.6568
SIG-000176,ACC-000176,2026-06-01T00:00:00,0.1377,0.0,0.0,0.35,0.1667,0.089
SIG-000177,ACC-000177,2026-06-01T00:00:00,0.282,0.0,0.0,0.45,0.0,0.0873
SIG-000178,ACC-000178,2026-06-01T00:00:00,0.3368,0.0,0.0,0.3786,0.0,0.0884
SIG-000179,ACC-000179,2026-06-01T00:00:00,0.7197,0.0,0.0,0.3857,0.0,0.1465
SIG-000180,ACC-000180,2026-06-01T00:00:00,0.5826,0.0,0.0,0.5357,0.0,0.141
SIG-000181,ACC-000181,2026-06-01T00:00:00,0.9901,0.2133,0.5,0.6429,0.1304,0.4279
SIG-000182,ACC-000182,2026-06-01T00:00:00,0.249,0.0,0.0,0.4286,0.0,0.0802
SIG-000183,ACC-000183,2026-06-01T00:00:00,0.1201,0.3867,0.5,0.0714,0.1429,0.2947
SIG-000184,ACC-000184,2026-06-01T00:00:00,0.8502,0.0,0.0,0.45,0.0,0.1725
SIG-000185,ACC-000185,2026-06-01T00:00:00,0.4334,0.0,0.0,0.45,0.0,0.11
SIG-000186,ACC-000186,2026-06-01T00:00:00,0.576,0.0,0.0,0.5786,0.0,0.1443
SIG-000187,ACC-000187,2026-06-01T00:00:00,0.5277,0.3067,0.5,0.4286,0.12,0.363
SIG-000188,ACC-000188,2026-06-01T00:00:00,0.3796,0.0,0.0,0.3571,0.0,0.0927
SIG-000189,ACC-000189,2026-06-01T00:00:00,0.0943,0.0,0.0,0.3857,0.1667,0.086
SIG-000190,ACC-000190,2026-06-01T00:00:00,0.4855,0.0,0.0,0.35,0.1667,0.1412
SIG-000191,ACC-000191,2026-06-01T00:00:00,0.6012,0.0,0.0,0.4429,0.0,0.1345
SIG-000192,ACC-000192,2026-06-01T00:00:00,0.4701,0.0,0.0,0.45,0.0,0.1155
SIG-000193,ACC-000193,2026-06-01T00:00:00,0.7219,0.0,0.0,0.3857,0.1429,0.1754
SIG-000194,ACC-000194,2026-06-01T00:00:00,0.9973,0.2533,0.5,0.0714,0.1,0.3777
SIG-000195,ACC-000195,2026-06-01T00:00:00,0.8003,0.0133,0.0,0.3786,0.0,0.1619
SIG-000196,ACC-000196,2026-06-01T00:00:00,0.5875,0.2133,0.5,1.0,0.3462,0.4464
SIG-000197,ACC-000197,2026-06-01T00:00:00,0.1459,0.0,0.0,0.4429,0.0,0.0662
SIG-000198,ACC-000198,2026-06-01T00:00:00,0.4174,0.0,0.0,0.4286,0.2,0.1455
SIG-000199,ACC-000199,2026-06-01T00:00:00,0.3889,0.3867,0.75,0.8571,0.2353,0.4946
SIG-000200,ACC-000200,2026-06-01T00:00:00,0.9978,0.5467,0.0,0.1429,0.0179,0.3315
SIG-000201,ACC-000201,2026-06-01T00:00:00,0.9896,0.04,0.5,0.5714,0.125,0.3676
SIG-000202,ACC-000202,2026-06-01T00:00:00,0.9945,0.08,0.75,0.0714,0.1333,0.3945
SIG-000203,ACC-000203,2026-06-01T00:00:00,1.0,0.3333,0.5,0.5,0.2188,0.4688
SIG-000204,ACC-000204,2026-06-01T00:00:00,0.734,0.0,0.0,0.45,0.0,0.1551
SIG-000205,ACC-000205,2026-06-01T00:00:00,0.7191,0.0,0.0,0.3786,0.0,0.1457
SIG-000206,ACC-000206,2026-06-01T00:00:00,0.3291,0.0,0.0,0.35,0.0,0.0844
SIG-000207,ACC-000207,2026-06-01T00:00:00,0.8826,0.0,0.0,0.3857,0.0,0.171
SIG-000208,ACC-000208,2026-06-01T00:00:00,0.2457,0.0133,0.0,0.5786,0.0,0.0987
SIG-000209,ACC-000209,2026-06-01T00:00:00,0.1651,0.0,0.0,0.45,0.0,0.0698
SIG-000210,ACC-000210,2026-06-01T00:00:00,0.6083,0.5333,0.5,0.8571,0.3438,0.5307
SIG-000211,ACC-000211,2026-06-01T00:00:00,0.8662,0.0,0.0,0.45,0.0,0.1749
SIG-000212,ACC-000212,2026-06-01T00:00:00,0.9841,0.24,0.75,0.6429,0.3778,0.547
SIG-000213,ACC-000213,2026-06-01T00:00:00,0.0307,0.0,0.0,0.45,0.1429,0.0782
SIG-000214,ACC-000214,2026-06-01T00:00:00,0.8316,0.0,0.0,0.4286,0.0,0.1676
SIG-000215,ACC-000215,2026-06-01T00:00:00,0.9885,0.0533,0.25,0.5714,0.0769,0.2993
SIG-000216,ACC-000216,2026-06-01T00:00:00,0.2013,0.3333,0.5,0.8571,0.3158,0.4041
SIG-000217,ACC-000217,2026-06-01T00:00:00,0.6248,0.0,0.0,0.5786,0.2,0.1916
SIG-000218,ACC-000218,2026-06-01T00:00:00,0.5672,0.0,0.0,0.5786,0.0,0.1429
SIG-000219,ACC-000219,2026-06-01T00:00:00,0.3626,0.0,0.0,0.3857,0.0,0.093
SIG-000220,ACC-000220,2026-06-01T00:00:00,0.2913,0.0,0.0,0.3786,0.0,0.0816
SIG-000221,ACC-000221,2026-06-01T00:00:00,0.9863,0.08,0.25,0.6429,0.0455,0.3078
SIG-000222,ACC-000222,2026-06-01T00:00:00,0.4048,0.0,0.0,0.5786,0.0,0.1186
SIG-000223,ACC-000223,2026-06-01T00:00:00,0.5968,0.0,0.0,0.35,0.0,0.1245
SIG-000224,ACC-000224,2026-06-01T00:00:00,0.9737,0.1733,1.0,0.5,0.2162,0.5413
SIG-000225,ACC-000225,2026-06-01T00:00:00,0.4372,0.0,0.0,0.3857,0.0,0.1042
SIG-000226,ACC-000226,2026-06-01T00:00:00,0.8958,0.0,0.0,0.35,0.0,0.1694
SIG-000227,ACC-000227,2026-06-01T00:00:00,0.367,0.0,0.0,0.4429,0.0,0.0993
SIG-000228,ACC-000228,2026-06-01T00:00:00,0.6231,0.36,0.75,1.0,0.2,0.529
SIG-000229,ACC-000229,2026-06-01T00:00:00,0.0719,0.0,0.0,0.3786,0.0,0.0486
SIG-000230,ACC-000230,2026-06-01T00:00:00,0.9841,0.1467,0.25,0.6429,0.0667,0.3317
SIG-000231,ACC-000231,2026-06-01T00:00:00,0.5765,0.0,0.0,0.3786,0.0,0.1243
SIG-000232,ACC-000232,2026-06-01T00:00:00,0.525,0.0,0.0,0.5786,0.0,0.1366
SIG-000233,ACC-000233,2026-06-01T00:00:00,0.3467,0.0,0.0,0.4286,0.0,0.0949
SIG-000234,ACC-000234,2026-06-01T00:00:00,0.5299,0.0,0.0,0.4286,0.125,0.1473
SIG-000235,ACC-000235,2026-06-01T00:00:00,0.8859,0.0,0.0,0.3857,0.0,0.1715
SIG-000236,ACC-000236,2026-06-01T00:00:00,0.7043,0.0,0.0,0.45,0.0,0.1506
SIG-000237,ACC-000237,2026-06-01T00:00:00,0.4048,0.3333,0.5,0.4286,0.3,0.3886
SIG-000238,ACC-000238,2026-06-01T00:00:00,0.5381,0.0,0.0,0.3571,0.0,0.1164
SIG-000239,ACC-000239,2026-06-01T00:00:00,0.0549,0.0,0.0,0.5786,0.0,0.0661
SIG-000240,ACC-000240,2026-06-01T00:00:00,0.8886,0.0,0.0,0.5786,0.0,0.1911
SIG-000241,ACC-000241,2026-06-01T00:00:00,0.7685,0.0,0.0,0.4429,0.1667,0.1929
SIG-000242,ACC-000242,2026-06-01T00:00:00,0.1114,0.0,0.0,0.5786,0.0,0.0746
SIG-000243,ACC-000243,2026-06-01T00:00:00,0.4888,0.0,0.0,0.45,0.0,0.1183
SIG-000244,ACC-000244,2026-06-01T00:00:00,0.9978,0.1067,0.5,0.1429,0.1053,0.342
SIG-000245,ACC-000245,2026-06-01T00:00:00,0.3725,0.0,0.0,0.35,0.1667,0.1242
SIG-000246,ACC-000246,2026-06-01T00:00:00,0.232,0.0133,0.0,0.5357,0.0,0.0924
SIG-000247,ACC-000247,2026-06-01T00:00:00,0.2677,0.0,0.0,0.5357,0.0,0.0937
SIG-000248,ACC-000248,2026-06-01T00:00:00,0.6742,0.0,0.0,0.45,0.0,0.1461
SIG-000249,ACC-000249,2026-06-01T00:00:00,0.4054,0.0,0.0,0.5357,0.0,0.1144
SIG-000250,ACC-000250,2026-06-01T00:00:00,0.328,0.0,0.0,0.4429,0.0,0.0935
SIG-000251,ACC-000251,2026-06-01T00:00:00,0.3884,0.0,0.0,0.45,0.0,0.1033
SIG-000252,ACC-000252,2026-06-01T00:00:00,0.989,0.0667,1.0,0.3571,0.5,0.5541
SIG-000253,ACC-000253,2026-06-01T00:00:00,0.2518,0.0,0.0,0.5357,0.0,0.0913
SIG-000254,ACC-000254,2026-06-01T00:00:00,0.2935,0.0,0.0,0.3786,0.0,0.0819
SIG-000255,ACC-000255,2026-06-01T00:00:00,0.4778,0.2667,0.5,0.8571,0.4545,0.4533
SIG-000256,ACC-000256,2026-06-01T00:00:00,0.0746,0.4267,0.5,0.8571,0.3462,0.4191
SIG-000257,ACC-000257,2026-06-01T00:00:00,0.4772,0.0,0.0,0.3786,0.0,0.1094
SIG-000258,ACC-000258,2026-06-01T00:00:00,0.2957,0.0,0.0,0.4286,0.0,0.0872
SIG-000259,ACC-000259,2026-06-01T00:00:00,0.4602,0.0,0.0,0.35,0.0,0.104
SIG-000260,ACC-000260,2026-06-01T00:00:00,1.0,0.16,0.5,0.0714,0.0625,0.3426
SIG-000261,ACC-000261,2026-06-01T00:00:00,0.5579,0.28,0.5,1.0,0.1935,0.4314
SIG-000262,ACC-000262,2026-06-01T00:00:00,0.8568,0.24,0.5,0.0714,0.1429,0.3612
SIG-000263,ACC-000263,2026-06-01T00:00:00,0.2342,0.0,0.0,0.3786,0.0,0.073
SIG-000264,ACC-000264,2026-06-01T00:00:00,0.847,0.0,0.0,0.3571,0.0,0.1628
SIG-000265,ACC-000265,2026-06-01T00:00:00,0.9984,0.24,0.75,1.0,0.0,0.5093
SIG-000266,ACC-000266,2026-06-01T00:00:00,0.2545,0.0,0.0,0.3857,0.0,0.0767
SIG-000267,ACC-000267,2026-06-01T00:00:00,0.1596,0.0,0.0,0.35,0.0,0.0589
SIG-000268,ACC-000268,2026-06-01T00:00:00,0.1744,0.3333,0.5,0.0714,0.2812,0.3146
SIG-000269,ACC-000269,2026-06-01T00:00:00,0.5145,0.0,0.0,0.3786,0.0,0.115
SIG-000270,ACC-000270,2026-06-01T00:00:00,0.5645,0.0,0.0,0.3786,0.0,0.1225
SIG-000271,ACC-000271,2026-06-01T00:00:00,0.9984,0.44,0.5,0.0714,0.0645,0.4268
SIG-000272,ACC-000272,2026-06-01T00:00:00,0.4334,0.0,0.0,0.35,0.0,0.1
SIG-000273,ACC-000273,2026-06-01T00:00:00,0.5304,0.0,0.0,0.5357,0.0,0.1331
SIG-000274,ACC-000274,2026-06-01T00:00:00,0.9967,0.2667,0.5,0.7143,0.3077,0.4875
SIG-000275,ACC-000275,2026-06-01T00:00:00,0.0461,0.0,0.0,0.45,0.0,0.0519
SIG-000276,ACC-000276,2026-06-01T00:00:00,0.5277,0.0,0.0,0.5786,0.0,0.137
SIG-000277,ACC-000277,2026-06-01T00:00:00,0.0686,0.0,0.0,0.5357,0.0,0.0639
SIG-000278,ACC-000278,2026-06-01T00:00:00,0.1108,0.0,0.0,0.3571,0.125,0.0773
SIG-000279,ACC-000279,2026-06-01T00:00:00,0.0302,0.0,0.0,0.5786,0.0,0.0624
SIG-000280,ACC-000280,2026-06-01T00:00:00,0.5551,0.0,0.0,0.5786,0.1429,0.1697
SIG-000281,ACC-000281,2026-06-01T00:00:00,0.791,0.0,0.0,0.4429,0.0,0.1629
SIG-000282,ACC-000282,2026-06-01T00:00:00,0.4366,0.0,0.0,0.3786,0.0,0.1033
SIG-000283,ACC-000283,2026-06-01T00:00:00,0.2798,0.0,0.0,0.45,0.0,0.087
SIG-000284,ACC-000284,2026-06-01T00:00:00,0.6429,0.0,0.0,0.3786,0.0,0.1343
SIG-000285,ACC-000285,2026-06-01T00:00:00,0.1322,0.0,0.0,0.3857,0.25,0.1084
SIG-000286,ACC-000286,2026-06-01T00:00:00,0.989,0.24,0.5,0.7143,0.35,0.4868
SIG-000287,ACC-000287,2026-06-01T00:00:00,0.9962,0.6667,0.5,0.0714,0.0,0.4816
SIG-000288,ACC-000288,2026-06-01T00:00:00,0.8179,0.0,0.0,0.3786,0.0,0.1605
SIG-000289,ACC-000289,2026-06-01T00:00:00,0.6418,0.0,0.0,0.5357,0.0,0.1498
SIG-000290,ACC-000290,2026-06-01T00:00:00,0.4822,0.0,0.0,0.3786,0.0,0.1102
SIG-000291,ACC-000291,2026-06-01T00:00:00,0.3039,0.0,0.0,0.35,0.0,0.0806
SIG-000292,ACC-000292,2026-06-01T00:00:00,0.9901,0.2133,0.75,0.6429,0.3929,0.5429
SIG-000293,ACC-000293,2026-06-01T00:00:00,0.7811,0.0,0.0,0.5357,0.0,0.1707
SIG-000294,ACC-000294,2026-06-01T00:00:00,0.6182,0.0,0.0,0.3857,0.0,0.1313
SIG-000295,ACC-000295,2026-06-01T00:00:00,0.9857,0.1467,0.75,0.6429,0.2174,0.4871
SIG-000296,ACC-000296,2026-06-01T00:00:00,0.8108,0.0,0.0,0.3786,0.0,0.1595
SIG-000297,ACC-000297,2026-06-01T00:00:00,0.367,0.0,0.0,0.3786,0.0,0.0929
SIG-000298,ACC-000298,2026-06-01T00:00:00,0.4142,0.0,0.0,0.3857,0.0,0.1007
SIG-000299,ACC-000299,2026-06-01T00:00:00,0.6434,0.0,0.0,0.3571,0.0,0.1322
SIG-000300,ACC-000300,2026-06-01T00:00:00,0.9314,0.2667,0.5,0.4286,0.3438,0.4563
SIG-000301,ACC-000301,2026-06-01T00:00:00,0.9995,0.2667,0.5,0.0714,0.25,0.4121
SIG-000302,ACC-000302,2026-06-01T00:00:00,0.0565,0.0,0.0,0.3786,0.0,0.0463
SIG-000303,ACC-000303,2026-06-01T00:00:00,0.9951,0.3867,0.75,1.0,0.0,0.5528
SIG-000304,ACC-000304,2026-06-01T00:00:00,0.0137,0.0,0.0,0.5357,0.0,0.0556
SIG-000305,ACC-000305,2026-06-01T00:00:00,0.8162,0.0,0.0,0.3857,0.0,0.161
SIG-000306,ACC-000306,2026-06-01T00:00:00,0.1892,0.0,0.0,0.5786,0.1429,0.1148
SIG-000307,ACC-000307,2026-06-01T00:00:00,0.48,0.0,0.0,0.3786,0.0,0.1099
SIG-000308,ACC-000308,2026-06-01T00:00:00,0.8875,0.16,0.5,0.1429,0.3333,0.3871
SIG-000309,ACC-000309,2026-06-01T00:00:00,0.972,0.0267,1.0,0.0714,0.4118,0.4933
SIG-000310,ACC-000310,2026-06-01T00:00:00,0.6374,0.1467,0.5,1.0,0.0952,0.3837
SIG-000311,ACC-000311,2026-06-01T00:00:00,0.4997,0.1333,0.5,1.0,0.3333,0.4066
SIG-000312,ACC-000312,2026-06-01T00:00:00,0.2787,0.0,0.0,0.5357,0.0,0.0954
SIG-000313,ACC-000313,2026-06-01T00:00:00,0.4366,0.0,0.0,0.3786,0.0,0.1033
SIG-000314,ACC-000314,2026-06-01T00:00:00,0.6286,0.0,0.0,0.45,0.0,0.1393
SIG-000315,ACC-000315,2026-06-01T00:00:00,0.9951,0.28,0.5,0.6429,0.2581,0.4742
SIG-000316,ACC-000316,2026-06-01T00:00:00,0.6736,0.2133,0.5,1.0,0.28,0.446
SIG-000317,ACC-000317,2026-06-01T00:00:00,0.0916,0.0,0.0,0.4429,0.0,0.058
SIG-000318,ACC-000318,2026-06-01T00:00:00,0.8941,0.0,0.0,0.3786,0.0,0.172
SIG-000319,ACC-000319,2026-06-01T00:00:00,0.5315,0.0,0.0,0.4429,0.0,0.124
SIG-000320,ACC-000320,2026-06-01T00:00:00,0.989,0.16,0.75,0.2143,0.2273,0.4507
SIG-000321,ACC-000321,2026-06-01T00:00:00,0.4454,0.2267,0.75,1.0,0.4,0.5023
SIG-000322,ACC-000322,2026-06-01T00:00:00,0.9879,0.08,0.75,0.0714,0.0455,0.3759
SIG-000323,ACC-000323,2026-06-01T00:00:00,0.9967,0.6,0.5,1.0,0.025,0.5595
SIG-000324,ACC-000324,2026-06-01T00:00:00,0.7817,0.4,0.5,0.0714,0.1071,0.3908
SIG-000325,ACC-000325,2026-06-01T00:00:00,0.0055,0.0,0.0,0.5786,0.0,0.0587
SIG-000326,ACC-000326,2026-06-01T00:00:00,0.972,0.48,0.5,0.3571,0.1463,0.4798
SIG-000327,ACC-000327,2026-06-01T00:00:00,0.1618,0.0,0.0,0.4286,0.0,0.0671
SIG-000328,ACC-000328,2026-06-01T00:00:00,0.9923,0.2533,0.0,0.7143,0.1765,0.3316
SIG-000329,ACC-000329,2026-06-01T00:00:00,0.9967,0.7467,0.5,0.0714,0.2444,0.5545
SIG-000330,ACC-000330,2026-06-01T00:00:00,0.8881,0.44,0.25,0.0714,0.25,0.3849
SIG-000331,ACC-000331,2026-06-01T00:00:00,0.9945,0.3067,0.25,1.0,0.0,0.4037
SIG-000332,ACC-000332,2026-06-01T00:00:00,0.8897,0.0,0.0,0.5357,0.0,0.187
SIG-000333,ACC-000333,2026-06-01T00:00:00,0.9803,0.1733,0.0,0.6429,0.3043,0.3242
SIG-000334,ACC-000334,2026-06-01T00:00:00,0.1256,0.0,0.0,0.35,0.0,0.0538
SIG-000335,ACC-000335,2026-06-01T00:00:00,0.8662,0.1333,0.5,0.4286,0.2857,0.3949
SIG-000336,ACC-000336,2026-06-01T00:00:00,0.8245,0.2933,0.5,0.4286,0.1667,0.4129
SIG-000337,ACC-000337,2026-06-01T00:00:00,0.5101,0.0,0.0,0.4429,0.0,0.1208
SIG-000338,ACC-000338,2026-06-01T00:00:00,0.9973,0.3333,0.5,0.5,0.2692,0.4784
SIG-000339,ACC-000339,2026-06-01T00:00:00,0.7789,0.0,0.0,0.4286,0.0,0.1597
SIG-000340,ACC-000340,2026-06-01T00:00:00,0.5299,0.0,0.0,0.35,0.0,0.1145
SIG-000341,ACC-000341,2026-06-01T00:00:00,0.9857,0.0933,1.0,0.5,0.4286,0.5616
SIG-000342,ACC-000342,2026-06-01T00:00:00,0.6796,0.0,0.0,0.4429,0.0,0.1462
SIG-000343,ACC-000343,2026-06-01T00:00:00,0.6703,0.0,0.0,0.5786,0.1429,0.187
SIG-000344,ACC-000344,2026-06-01T00:00:00,0.2984,0.0,0.0,0.4286,0.0,0.0876
SIG-000345,ACC-000345,2026-06-01T00:00:00,0.6067,0.0,0.0,0.4429,0.1667,0.1686
SIG-000346,ACC-000346,2026-06-01T00:00:00,0.5474,0.2667,0.5,0.4286,0.1538,0.3607
SIG-000347,ACC-000347,2026-06-01T00:00:00,0.9973,0.0267,0.0,0.0714,0.1429,0.1933
SIG-000348,ACC-000348,2026-06-01T00:00:00,0.6336,0.0,0.0,0.5786,0.0,0.1529
SIG-000349,ACC-000349,2026-06-01T00:00:00,0.3275,0.0,0.0,0.3786,0.0,0.087
SIG-000350,ACC-000350,2026-06-01T00:00:00,0.4262,0.0,0.0,0.4286,0.0,0.1068
SIG-000351,ACC-000351,2026-06-01T00:00:00,0.0752,0.5333,0.25,0.8571,0.3265,0.3848
SIG-000352,ACC-000352,2026-06-01T00:00:00,0.395,0.0,0.0,0.45,0.0,0.1042
SIG-000353,ACC-000353,2026-06-01T00:00:00,0.9918,0.2,0.5,0.7143,0.0769,0.4206
SIG-000354,ACC-000354,2026-06-01T00:00:00,0.3456,0.0,0.0,0.3786,0.0,0.0897
SIG-000355,ACC-000355,2026-06-01T00:00:00,0.9918,0.0533,0.75,0.5714,0.36,0.4814
SIG-000356,ACC-000356,2026-06-01T00:00:00,0.8651,0.0,0.0,0.5786,0.0,0.1876
SIG-000357,ACC-000357,2026-06-01T00:00:00,0.9923,0.0533,0.5,0.0714,0.0,0.297
SIG-000358,ACC-000358,2026-06-01T00:00:00,0.2913,0.0,0.0,0.3857,0.0,0.0823
SIG-000359,ACC-000359,2026-06-01T00:00:00,0.6561,0.0,0.0,0.3786,0.0,0.1363
SIG-000360,ACC-000360,2026-06-01T00:00:00,0.6237,0.0,0.0,0.5786,0.0,0.1514
SIG-000361,ACC-000361,2026-06-01T00:00:00,0.9874,0.3867,0.25,0.6429,0.381,0.4671
SIG-000362,ACC-000362,2026-06-01T00:00:00,0.073,0.0,0.0,0.45,0.0,0.056
SIG-000363,ACC-000363,2026-06-01T00:00:00,0.4207,0.0,0.0,0.4286,0.3333,0.1726
SIG-000364,ACC-000364,2026-06-01T00:00:00,0.8349,0.0,0.0,0.45,0.0,0.1702
SIG-000365,ACC-000365,2026-06-01T00:00:00,0.7126,0.0133,0.0,0.3857,0.0,0.1495
SIG-000366,ACC-000366,2026-06-01T00:00:00,0.3236,0.0,0.0,0.5357,0.0,0.1021
SIG-000367,ACC-000367,2026-06-01T00:00:00,0.8349,0.0,0.0,0.5786,0.0,0.1831
SIG-000368,ACC-000368,2026-06-01T00:00:00,0.7372,0.0,0.0,0.3857,0.0,0.1492
SIG-000369,ACC-000369,2026-06-01T00:00:00,0.3516,0.0,0.0,0.4286,0.0,0.0956
SIG-000370,ACC-000370,2026-06-01T00:00:00,0.9934,0.3333,0.5,0.7143,0.2333,0.4921
SIG-000371,ACC-000371,2026-06-01T00:00:00,0.1212,0.0133,0.0,0.3857,0.5,0.1608
SIG-000372,ACC-000372,2026-06-01T00:00:00,0.8985,0.0,0.0,0.5357,0.125,0.2133
SIG-000373,ACC-000373,2026-06-01T00:00:00,0.9753,0.24,0.5,0.0714,0.1842,0.3873
SIG-000374,ACC-000374,2026-06-01T00:00:00,0.6637,0.0,0.0,0.4429,0.1429,0.1724
SIG-000375,ACC-000375,2026-06-01T00:00:00,0.2869,0.0,0.0,0.45,0.0,0.088
SIG-000376,ACC-000376,2026-06-01T00:00:00,0.5156,0.0,0.0,0.3786,0.0,0.1152
SIG-000377,ACC-000377,2026-06-01T00:00:00,0.3851,0.0,0.0,0.3786,0.0,0.0956
SIG-000378,ACC-000378,2026-06-01T00:00:00,0.3889,0.0,0.0,0.3786,0.0,0.0962
SIG-000379,ACC-000379,2026-06-01T00:00:00,0.7532,0.0,0.0,0.5786,0.0,0.1708
SIG-000380,ACC-000380,2026-06-01T00:00:00,0.9995,0.4133,0.5,0.5,0.2333,0.4956
SIG-000381,ACC-000381,2026-06-01T00:00:00,0.8431,0.0,0.0,0.3786,0.0,0.1643
SIG-000382,ACC-000382,2026-06-01T00:00:00,0.4191,0.0,0.0,0.5357,0.0,0.1164
SIG-000383,ACC-000383,2026-06-01T00:00:00,0.7526,0.0,0.0,0.45,0.0,0.1579
SIG-000384,ACC-000384,2026-06-01T00:00:00,0.8925,0.0,0.0,0.3857,0.0,0.1724
SIG-000385,ACC-000385,2026-06-01T00:00:00,0.7532,0.0,0.0,0.4429,0.5,0.2573
SIG-000386,ACC-000386,2026-06-01T00:00:00,0.7866,0.0,0.0,0.5357,0.0,0.1716
SIG-000387,ACC-000387,2026-06-01T00:00:00,0.4717,0.0,0.0,0.4286,0.0,0.1136
SIG-000388,ACC-000388,2026-06-01T00:00:00,0.2161,0.0,0.0,0.4286,0.0,0.0753
SIG-000389,ACC-000389,2026-06-01T00:00:00,0.9874,0.0533,0.25,0.0714,0.0,0.2338
SIG-000390,ACC-000390,2026-06-01T00:00:00,0.7888,0.0,0.0,0.4286,0.125,0.1862
SIG-000391,ACC-000391,2026-06-01T00:00:00,0.994,0.3067,0.5,0.2143,0.1389,0.4153
SIG-000392,ACC-000392,2026-06-01T00:00:00,0.6226,0.0,0.0,0.35,0.0,0.1284
SIG-000393,ACC-000393,2026-06-01T00:00:00,0.1618,0.0,0.0,0.5786,0.0,0.0821
SIG-000394,ACC-000394,2026-06-01T00:00:00,0.0614,0.0,0.0,0.3786,0.0,0.0471
SIG-000395,ACC-000395,2026-06-01T00:00:00,0.0099,0.0,0.0,0.3571,0.0,0.0372
SIG-000396,ACC-000396,2026-06-01T00:00:00,0.1849,0.0,0.0,0.45,0.0,0.0727
SIG-000397,ACC-000397,2026-06-01T00:00:00,0.4959,0.0,0.0,0.3857,0.0,0.113
SIG-000398,ACC-000398,2026-06-01T00:00:00,0.429,0.0,0.0,0.3857,0.0,0.1029
SIG-000399,ACC-000399,2026-06-01T00:00:00,0.0362,0.0,0.0,0.5357,0.3333,0.1257
SIG-000400,ACC-000400,2026-06-01T00:00:00,0.6594,0.0,0.0,0.3786,0.0,0.1368
SIG-000401,ACC-000401,2026-06-01T00:00:00,0.5798,0.0,0.0,0.35,0.0,0.122
SIG-000402,ACC-000402,2026-06-01T00:00:00,0.1821,0.0,0.0,0.35,0.0,0.0623
SIG-000403,ACC-000403,2026-06-01T00:00:00,0.3269,0.0,0.0,0.3571,0.0,0.0847
SIG-000404,ACC-000404,2026-06-01T00:00:00,0.9901,0.2667,0.5,0.7143,0.1081,0.4466
SIG-000405,ACC-000405,2026-06-01T00:00:00,0.9978,0.16,1.0,0.5,0.4286,0.5834
SIG-000406,ACC-000406,2026-06-01T00:00:00,0.8398,0.0,0.0,0.5786,0.0,0.1838
SIG-000407,ACC-000407,2026-06-01T00:00:00,0.1135,0.0,0.0,0.3786,0.0,0.0549
SIG-000408,ACC-000408,2026-06-01T00:00:00,0.3204,0.0,0.0,0.5786,0.0,0.1059
SIG-000409,ACC-000409,2026-06-01T00:00:00,0.5996,0.0,0.0,0.5357,0.0,0.1435
SIG-000410,ACC-000410,2026-06-01T00:00:00,0.3132,0.0,0.0,0.5357,0.0,0.1006
SIG-000411,ACC-000411,2026-06-01T00:00:00,0.9995,0.4933,0.75,1.0,0.0,0.5854
SIG-000412,ACC-000412,2026-06-01T00:00:00,0.994,0.16,0.25,0.3571,0.2692,0.3492
SIG-000413,ACC-000413,2026-06-01T00:00:00,0.7718,0.0,0.0,0.3571,0.0,0.1515
SIG-000414,ACC-000414,2026-06-01T00:00:00,0.627,0.0,0.0,0.3786,0.0,0.1319
SIG-000415,ACC-000415,2026-06-01T00:00:00,0.7005,0.0,0.0,0.3786,0.125,0.1679
SIG-000416,ACC-000416,2026-06-01T00:00:00,0.0922,0.0,0.0,0.3857,0.0,0.0524
SIG-000417,ACC-000417,2026-06-01T00:00:00,0.7674,0.0,0.0,0.35,0.0,0.1501
SIG-000418,ACC-000418,2026-06-01T00:00:00,0.8497,0.0,0.0,0.3786,0.0,0.1653
SIG-000419,ACC-000419,2026-06-01T00:00:00,0.9978,0.3867,0.5,0.5,0.25,0.4907
SIG-000420,ACC-000420,2026-06-01T00:00:00,0.2682,0.0,0.0,0.5786,0.0,0.0981
SIG-000421,ACC-000421,2026-06-01T00:00:00,0.3472,0.0,0.0,0.3571,0.25,0.1378
SIG-000422,ACC-000422,2026-06-01T00:00:00,0.8749,0.0,0.0,0.3571,0.0,0.1669
SIG-000423,ACC-000423,2026-06-01T00:00:00,0.8908,0.0,0.0,0.3857,0.0,0.1722
SIG-000424,ACC-000424,2026-06-01T00:00:00,0.0724,0.0,0.0,0.5786,0.0,0.0687
SIG-000425,ACC-000425,2026-06-01T00:00:00,0.4301,0.0,0.0,0.4429,0.0,0.1088
SIG-000426,ACC-000426,2026-06-01T00:00:00,0.5869,0.0,0.0,0.5357,1.0,0.3416
SIG-000427,ACC-000427,2026-06-01T00:00:00,0.3176,0.0,0.0,0.3786,0.0,0.0855
SIG-000428,ACC-000428,2026-06-01T00:00:00,0.249,0.0133,0.0,0.5357,0.0,0.0949
SIG-000429,ACC-000429,2026-06-01T00:00:00,0.9973,0.2533,0.25,0.6429,0.3548,0.4233
SIG-000430,ACC-000430,2026-06-01T00:00:00,0.9698,0.1867,0.0,0.0714,0.3111,0.2708
SIG-000431,ACC-000431,2026-06-01T00:00:00,0.8179,0.0,0.0,0.3571,0.0,0.1584
SIG-000432,ACC-000432,2026-06-01T00:00:00,0.7268,0.0,0.0,0.5357,0.0,0.1626
SIG-000433,ACC-000433,2026-06-01T00:00:00,0.7658,0.0,0.0,0.35,0.0,0.1499
SIG-000434,ACC-000434,2026-06-01T00:00:00,0.9951,0.0667,0.75,0.6429,0.0952,0.4401
SIG-000435,ACC-000435,2026-06-01T00:00:00,0.5595,0.0,0.0,0.45,0.0,0.1289
SIG-000436,ACC-000436,2026-06-01T00:00:00,0.7351,0.0,0.0,0.5357,0.0,0.1638
SIG-000437,ACC-000437,2026-06-01T00:00:00,0.8464,0.0,0.0,0.5786,0.0,0.1848
SIG-000438,ACC-000438,2026-06-01T00:00:00,0.9967,0.4933,0.75,1.0,0.0278,0.5906
SIG-000439,ACC-000439,2026-06-01T00:00:00,0.0099,0.0,0.0,0.4286,0.0,0.0443
SIG-000440,ACC-000440,2026-06-01T00:00:00,0.9984,0.3733,0.25,0.5,0.1852,0.4113
SIG-000441,ACC-000441,2026-06-01T00:00:00,0.1772,0.0,0.0,0.5357,0.0,0.0802
SIG-000442,ACC-000442,2026-06-01T00:00:00,0.7274,0.28,0.25,0.8571,0.3235,0.406
SIG-000443,ACC-000443,2026-06-01T00:00:00,0.5288,0.0,0.0,0.5357,0.0,0.1329
SIG-000444,ACC-000444,2026-06-01T00:00:00,0.9841,0.0133,0.5,0.6429,0.0,0.3409
SIG-000445,ACC-000445,2026-06-01T00:00:00,0.5047,0.2667,0.5,0.4286,0.3636,0.3963
SIG-000446,ACC-000446,2026-06-01T00:00:00,0.7345,0.0133,0.0,0.3786,0.0,0.152
SIG-000447,ACC-000447,2026-06-01T00:00:00,0.283,0.0,0.0,0.4429,0.0,0.0867
SIG-000448,ACC-000448,2026-06-01T00:00:00,0.4306,0.0,0.0,0.3571,0.0,0.1003
SIG-000449,ACC-000449,2026-06-01T00:00:00,0.9956,1.0,0.75,0.1429,0.0566,0.6624
SIG-000450,ACC-000450,2026-06-01T00:00:00,0.266,0.0,0.0,0.35,0.0,0.0749
SIG-000451,ACC-000451,2026-06-01T00:00:00,0.6253,0.16,0.5,0.4286,0.3,0.3697
SIG-000452,ACC-000452,2026-06-01T00:00:00,0.983,0.1867,0.5,0.3571,0.2,0.4042
SIG-000453,ACC-000453,2026-06-01T00:00:00,0.1635,0.0,0.0,0.3571,0.0,0.0602
SIG-000454,ACC-000454,2026-06-01T00:00:00,0.0735,0.0,0.0,0.3786,0.0,0.0489
SIG-000455,ACC-000455,2026-06-01T00:00:00,0.4652,0.0,0.0,0.3857,0.0,0.1084
SIG-000456,ACC-000456,2026-06-01T00:00:00,0.0724,0.0,0.0,0.3857,0.0,0.0494
SIG-000457,ACC-000457,2026-06-01T00:00:00,0.9874,0.1733,1.0,0.3571,0.3409,0.554
SIG-000458,ACC-000458,2026-06-01T00:00:00,0.3483,0.0133,0.0,0.35,0.0,0.0912
SIG-000459,ACC-000459,2026-06-01T00:00:00,0.8382,0.0,0.0,0.3571,0.0,0.1614
SIG-000460,ACC-000460,2026-06-01T00:00:00,0.5288,0.0,0.0,0.45,0.0,0.1243
SIG-000461,ACC-000461,2026-06-01T00:00:00,0.7021,0.0,0.0,0.3857,0.0,0.1439
SIG-000462,ACC-000462,2026-06-01T00:00:00,0.7422,0.0,0.0,0.5357,0.0,0.1649
SIG-000463,ACC-000463,2026-06-01T00:00:00,0.1574,0.0,0.0,0.3786,0.0,0.0615
SIG-000464,ACC-000464,2026-06-01T00:00:00,0.7246,0.0,0.0,0.3786,0.0,0.1465
SIG-000465,ACC-000465,2026-06-01T00:00:00,0.2704,0.0,0.0,0.45,0.0,0.0856
SIG-000466,ACC-000466,2026-06-01T00:00:00,0.7043,0.0,0.0,0.3786,0.0,0.1435
SIG-000467,ACC-000467,2026-06-01T00:00:00,0.7021,0.0,0.0,0.3786,0.0,0.1432
SIG-000468,ACC-000468,2026-06-01T00:00:00,0.2639,0.0,0.0,0.3786,0.0,0.0774
SIG-000469,ACC-000469,2026-06-01T00:00:00,0.2145,0.0,0.0,0.3571,0.0,0.0679
SIG-000470,ACC-000470,2026-06-01T00:00:00,0.0642,0.0,0.0,0.5357,0.0,0.0632
SIG-000471,ACC-000471,2026-06-01T00:00:00,0.1871,0.0,0.0,0.5357,0.25,0.1316
SIG-000472,ACC-000472,2026-06-01T00:00:00,0.621,0.0,0.0,0.5357,0.0,0.1467
SIG-000473,ACC-000473,2026-06-01T00:00:00,0.9002,0.0,0.0,0.3786,0.0,0.1729
SIG-000474,ACC-000474,2026-06-01T00:00:00,0.7148,0.0,0.0,0.3786,0.0,0.1451
SIG-000475,ACC-000475,2026-06-01T00:00:00,0.48,0.0,0.0,0.5357,0.0,0.1256
SIG-000476,ACC-000476,2026-06-01T00:00:00,0.989,0.4133,0.5,0.7143,0.1579,0.5004
SIG-000477,ACC-000477,2026-06-01T00:00:00,0.8788,0.0,0.0,0.3857,0.5,0.2704
SIG-000478,ACC-000478,2026-06-01T00:00:00,0.7104,0.0,0.0,0.3786,0.2,0.1844
SIG-000479,ACC-000479,2026-06-01T00:00:00,0.8793,0.2133,0.75,1.0,0.0667,0.4967
SIG-000480,ACC-000480,2026-06-01T00:00:00,0.9846,0.2,1.0,0.3571,0.3235,0.5581
SIG-000481,ACC-000481,2026-06-01T00:00:00,0.6709,0.0,0.0,0.3571,0.0,0.1363
SIG-000482,ACC-000482,2026-06-01T00:00:00,0.0817,0.0,0.0,0.35,0.0,0.0473
SIG-000483,ACC-000483,2026-06-01T00:00:00,0.7937,0.0,0.0,0.3786,0.0,0.1569
SIG-000484,ACC-000484,2026-06-01T00:00:00,0.9945,0.1867,0.25,0.6429,0.0741,0.3468
SIG-000485,ACC-000485,2026-06-01T00:00:00,0.4443,0.1733,0.5,1.0,0.3043,0.4045
SIG-000486,ACC-000486,2026-06-01T00:00:00,0.9989,0.0533,0.75,0.1429,0.0625,0.3801
SIG-000487,ACC-000487,2026-06-01T00:00:00,0.6039,0.0,0.0,0.5357,0.1429,0.1727
SIG-000488,ACC-000488,2026-06-01T00:00:00,0.9687,0.2,0.75,0.6429,0.3714,0.5314
SIG-000489,ACC-000489,2026-06-01T00:00:00,0.6056,0.0,0.0,0.3571,0.0,0.1266
SIG-000490,ACC-000490,2026-06-01T00:00:00,0.119,0.0,0.0,0.5357,0.0,0.0714
SIG-000491,ACC-000491,2026-06-01T00:00:00,0.4366,0.0,0.0,0.45,0.0,0.1105
SIG-000492,ACC-000492,2026-06-01T00:00:00,0.3143,0.0,0.0,0.3786,0.0,0.085
SIG-000493,ACC-000493,2026-06-01T00:00:00,0.5656,0.0,0.0,0.5357,0.125,0.1634
SIG-000494,ACC-000494,2026-06-01T00:00:00,0.3374,0.0,0.0,0.45,0.0,0.0956
SIG-000495,ACC-000495,2026-06-01T00:00:00,0.7071,0.0,0.0,0.4286,0.0,0.1489
SIG-000496,ACC-000496,2026-06-01T00:00:00,0.4257,0.0,0.0,0.5357,0.0,0.1174
SIG-000497,ACC-000497,2026-06-01T00:00:00,0.7356,0.0,0.0,0.45,0.0,0.1553
SIG-000498,ACC-000498,2026-06-01T00:00:00,0.8261,0.0,0.0,0.5357,0.0,0.1775
SIG-000499,ACC-000499,2026-06-01T00:00:00,0.5913,0.0,0.0,0.35,0.0,0.1237
SIG-000500,ACC-000500,2026-06-01T00:00:00,0.1146,0.0,0.0,0.45,0.125,0.0872
SIG-000501,ACC-000501,2026-06-01T00:00:00,0.2649,0.0,0.0,0.45,0.0,0.0847
SIG-000502,ACC-000502,2026-06-01T00:00:00,0.7883,0.0,0.0,0.5786,0.0,0.1761
SIG-000503,ACC-000503,2026-06-01T00:00:00,0.1657,0.0,0.0,0.4429,0.0,0.0691
SIG-000504,ACC-000504,2026-06-01T00:00:00,0.74,0.0,0.0,0.45,0.0,0.156
SIG-000505,ACC-000505,2026-06-01T00:00:00,0.5293,0.0,0.0,0.3571,0.0,0.1151
SIG-000506,ACC-000506,2026-06-01T00:00:00,0.4833,0.0,0.0,0.3786,0.0,0.1104
SIG-000507,ACC-000507,2026-06-01T00:00:00,0.5864,0.0,0.0,0.4429,0.0,0.1322
SIG-000508,ACC-000508,2026-06-01T00:00:00,0.5639,0.0,0.0,0.4429,0.0,0.1289
SIG-000509,ACC-000509,2026-06-01T00:00:00,0.1761,0.0,0.0,0.5357,0.0,0.08
SIG-000510,ACC-000510,2026-06-01T00:00:00,0.4443,0.0,0.0,0.4429,0.0,0.1109
SIG-000511,ACC-000511,2026-06-01T00:00:00,0.723,0.0,0.0,0.5357,0.0,0.162
SIG-000512,ACC-000512,2026-06-01T00:00:00,0.0247,0.0,0.0,0.35,0.0,0.0387
SIG-000513,ACC-000513,2026-06-01T00:00:00,0.9687,0.24,0.5,0.6429,0.2326,0.4531
SIG-000514,ACC-000514,2026-06-01T00:00:00,0.1097,0.0,0.0,0.3571,0.0,0.0522
SIG-000515,ACC-000515,2026-06-01T00:00:00,0.9857,0.1867,1.0,0.0714,0.3478,0.5306
SIG-000516,ACC-000516,2026-06-01T00:00:00,0.9989,0.6133,0.75,1.0,0.0571,0.6328
SIG-000517,ACC-000517,2026-06-01T00:00:00,0.6111,0.0133,0.0,0.5357,0.0,0.1492
SIG-000518,ACC-000518,2026-06-01T00:00:00,0.2589,0.0,0.0,0.3571,0.0,0.0745
SIG-000519,ACC-000519,2026-06-01T00:00:00,0.599,0.0,0.0,0.3786,0.0,0.1277
SIG-000520,ACC-000520,2026-06-01T00:00:00,0.1349,0.0,0.0,0.3786,0.0,0.0581
SIG-000521,ACC-000521,2026-06-01T00:00:00,0.1245,0.5467,0.75,0.8571,0.3333,0.5226
SIG-000522,ACC-000522,2026-06-01T00:00:00,0.5924,0.0,0.0,0.3786,0.0,0.1267
SIG-000523,ACC-000523,2026-06-01T00:00:00,0.6566,0.0,0.0,0.4429,0.0,0.1428
SIG-000524,ACC-000524,2026-06-01T00:00:00,0.9857,0.1867,0.5,0.3571,0.1667,0.3979
SIG-000525,ACC-000525,2026-06-01T00:00:00,0.5842,0.0,0.0,0.5786,0.0,0.1455
SIG-000526,ACC-000526,2026-06-01T00:00:00,0.9901,0.1867,0.75,0.0714,0.1667,0.4325
SIG-000527,ACC-000527,2026-06-01T00:00:00,0.9951,0.1067,0.75,0.5714,0.3,0.4859
SIG-000528,ACC-000528,2026-06-01T00:00:00,0.0,0.0,0.0,0.45,0.0,0.045
SIG-000529,ACC-000529,2026-06-01T00:00:00,0.0911,0.0,0.0,0.3786,0.0,0.0515
SIG-000530,ACC-000530,2026-06-01T00:00:00,0.4312,0.0,0.0,0.3786,0.0,0.1025
SIG-000531,ACC-000531,2026-06-01T00:00:00,0.2589,0.0,0.0,0.3571,0.0,0.0745
SIG-000532,ACC-000532,2026-06-01T00:00:00,0.3012,0.0,0.0,0.4429,0.0,0.0895
SIG-000533,ACC-000533,2026-06-01T00:00:00,0.1629,0.0,0.0,0.35,0.0,0.0594
SIG-000534,ACC-000534,2026-06-01T00:00:00,0.0691,0.0,0.0,0.5786,0.0,0.0682
SIG-000535,ACC-000535,2026-06-01T00:00:00,0.1662,0.0,0.0,0.5357,0.0,0.0785
SIG-000536,ACC-000536,2026-06-01T00:00:00,0.989,0.24,0.25,0.0714,0.1364,0.3173
SIG-000537,ACC-000537,2026-06-01T00:00:00,0.7691,0.0,0.0,0.4429,0.0,0.1597
SIG-000538,ACC-000538,2026-06-01T00:00:00,0.2041,0.0,0.0,0.5357,0.0,0.0842
SIG-000539,ACC-000539,2026-06-01T00:00:00,0.9693,0.2,0.75,0.6429,0.4333,0.5438
SIG-000540,ACC-000540,2026-06-01T00:00:00,0.7471,0.0,0.0,0.3571,0.0,0.1478
SIG-000541,ACC-000541,2026-06-01T00:00:00,0.9962,0.4667,0.5,1.0,0.0244,0.5193
SIG-000542,ACC-000542,2026-06-01T00:00:00,0.989,0.0533,0.75,0.5714,0.0667,0.4223
SIG-000543,ACC-000543,2026-06-01T00:00:00,0.0466,0.0,0.0,0.4286,0.0,0.0498
SIG-000544,ACC-000544,2026-06-01T00:00:00,0.8025,0.0,0.0,0.4286,0.0,0.1632
SIG-000545,ACC-000545,2026-06-01T00:00:00,0.3653,0.0,0.0,0.3786,0.1429,0.1212
SIG-000546,ACC-000546,2026-06-01T00:00:00,0.4822,0.0,0.0,0.3786,0.0,0.1102
SIG-000547,ACC-000547,2026-06-01T00:00:00,1.0,0.1067,0.5,0.5714,0.1,0.3841
SIG-000548,ACC-000548,2026-06-01T00:00:00,0.5507,0.0,0.0,0.4286,0.0,0.1255
SIG-000549,ACC-000549,2026-06-01T00:00:00,0.7137,0.0,0.0,0.5357,0.0,0.1606
SIG-000550,ACC-000550,2026-06-01T00:00:00,0.0839,0.0,0.0,0.35,0.0,0.0476
SIG-000551,ACC-000551,2026-06-01T00:00:00,0.751,0.0,0.0,0.3857,0.0,0.1512
SIG-000552,ACC-000552,2026-06-01T00:00:00,0.4482,0.0,0.0,0.3786,0.0,0.1051
SIG-000553,ACC-000553,2026-06-01T00:00:00,0.6643,0.0,0.0,0.3786,0.0,0.1375
SIG-000554,ACC-000554,2026-06-01T00:00:00,0.9748,0.2267,0.25,0.6429,0.2727,0.3956
SIG-000555,ACC-000555,2026-06-01T00:00:00,0.9292,0.32,0.5,0.4286,0.2333,0.4499
SIG-000556,ACC-000556,2026-06-01T00:00:00,0.4026,0.0,0.0,0.3786,0.0,0.0982
SIG-000557,ACC-000557,2026-06-01T00:00:00,0.7296,0.0,0.0,0.3571,0.0,0.1452
SIG-000558,ACC-000558,2026-06-01T00:00:00,0.056,0.24,0.5,0.8571,0.1111,0.3133
SIG-000559,ACC-000559,2026-06-01T00:00:00,0.9682,0.2133,0.5,0.5,0.2059,0.4254
SIG-000560,ACC-000560,2026-06-01T00:00:00,0.3423,0.0,0.0,0.3571,0.0,0.0871
SIG-000561,ACC-000561,2026-06-01T00:00:00,0.6747,0.0,0.0,0.3857,0.0,0.1398
SIG-000562,ACC-000562,2026-06-01T00:00:00,0.3439,0.0,0.0,0.3571,0.0,0.0873
SIG-000563,ACC-000563,2026-06-01T00:00:00,0.147,0.0,0.0,0.5357,0.0,0.0756
SIG-000564,ACC-000564,2026-06-01T00:00:00,0.734,0.0,0.0,0.5357,0.0,0.1637
SIG-000565,ACC-000565,2026-06-01T00:00:00,0.9978,0.7467,0.25,1.0,0.0385,0.5439
SIG-000566,ACC-000566,2026-06-01T00:00:00,0.9989,0.44,0.75,0.1429,0.0263,0.4889
SIG-000567,ACC-000567,2026-06-01T00:00:00,0.0499,0.0,0.0,0.3786,0.0,0.0453
SIG-000568,ACC-000568,2026-06-01T00:00:00,0.9973,0.0133,0.5,0.6429,0.2,0.3829
SIG-000569,ACC-000569,2026-06-01T00:00:00,0.0779,0.0,0.0,0.5357,0.0,0.0653
SIG-000570,ACC-000570,2026-06-01T00:00:00,0.9967,0.3733,0.25,0.0714,0.186,0.3684
SIG-000571,ACC-000571,2026-06-01T00:00:00,0.4279,0.0,0.0,0.4286,0.1429,0.1356
SIG-000572,ACC-000572,2026-06-01T00:00:00,0.7224,0.0,0.0,0.5357,0.0,0.1619
SIG-000573,ACC-000573,2026-06-01T00:00:00,0.9797,0.1467,0.5,0.3571,0.25,0.4017
SIG-000574,ACC-000574,2026-06-01T00:00:00,1.0,0.0133,0.75,0.5714,0.1034,0.4193
SIG-000575,ACC-000575,2026-06-01T00:00:00,0.8497,0.0,0.0,0.5357,0.0,0.181
SIG-000576,ACC-000576,2026-06-01T00:00:00,0.9945,0.44,0.25,1.0,0.0833,0.4603
SIG-000577,ACC-000577,2026-06-01T00:00:00,0.5217,0.0,0.0,0.35,0.0,0.1133
SIG-000578,ACC-000578,2026-06-01T00:00:00,0.3604,0.0,0.0,0.3857,0.0,0.0926
SIG-000579,ACC-000579,2026-06-01T00:00:00,0.2128,0.0,0.0,0.3786,0.0,0.0698
SIG-000580,ACC-000580,2026-06-01T00:00:00,0.9698,0.08,0.25,0.0714,0.4,0.3191
SIG-000581,ACC-000581,2026-06-01T00:00:00,0.5299,0.0,0.0,0.5786,0.0,0.1373
SIG-000582,ACC-000582,2026-06-01T00:00:00,0.5584,0.0933,0.5,0.1429,0.0909,0.2692
SIG-000583,ACC-000583,2026-06-01T00:00:00,0.9995,0.4533,0.25,0.5,0.2245,0.4433
SIG-000584,ACC-000584,2026-06-01T00:00:00,0.8815,0.0,0.0,0.5357,0.0,0.1858
SIG-000585,ACC-000585,2026-06-01T00:00:00,0.9835,0.2267,0.25,0.0714,0.2273,0.3306
SIG-000586,ACC-000586,2026-06-01T00:00:00,0.1662,0.0,0.0,0.4429,0.2,0.1092
SIG-000587,ACC-000587,2026-06-01T00:00:00,0.6511,0.0,0.0,0.4429,0.1667,0.1753
SIG-000588,ACC-000588,2026-06-01T00:00:00,0.3703,0.0,0.0,0.3857,0.0,0.0941
SIG-000589,ACC-000589,2026-06-01T00:00:00,0.6522,0.0,0.0,0.3786,0.0,0.1357
SIG-000590,ACC-000590,2026-06-01T00:00:00,0.0027,0.0,0.0,0.5786,0.0,0.0583
SIG-000591,ACC-000591,2026-06-01T00:00:00,0.9325,0.36,0.5,0.4286,0.2222,0.4602
SIG-000592,ACC-000592,2026-06-01T00:00:00,0.6906,0.0,0.0,0.5357,0.1429,0.1857
SIG-000593,ACC-000593,2026-06-01T00:00:00,0.6873,0.0,0.0,0.3857,0.0,0.1417
SIG-000594,ACC-000594,2026-06-01T00:00:00,0.9775,0.08,0.5,0.0714,0.3333,0.3694
SIG-000595,ACC-000595,2026-06-01T00:00:00,0.7504,0.0,0.0,0.4429,0.0,0.1568
SIG-000596,ACC-000596,2026-06-01T00:00:00,0.4975,0.0933,0.0,1.0,0.2,0.2426
SIG-000597,ACC-000597,2026-06-01T00:00:00,0.7575,0.0,0.0,0.5357,0.0,0.1672
SIG-000598,ACC-000598,2026-06-01T00:00:00,0.5398,0.0,0.0,0.35,0.0,0.116
SIG-000599,ACC-000599,2026-06-01T00:00:00,0.1234,0.0,0.0,0.3571,0.0,0.0542
SIG-000600,ACC-000600,2026-06-01T00:00:00,0.9951,0.0267,0.25,0.5714,0.1667,0.3102
